{
"type": "FeatureCollection",
"name": "SELECT",
"features": [
{ "type": "Feature", "properties": { "code": "BRA", "name": "Brasil" }, "geometry": { "type": "MultiPolygon", "coordinates": [ [ [ [ -64.0, 2.72135 ], [ -64.0, 3.88095 ], [ -64.03766, 3.8825 ], [ -64.06381, 3.9116 ], [ -64.10815, 4.0581 ], [ -64.1467, 4.11055 ], [ -64.2406, 4.14202 ], [ -64.36498, 4.15187 ], [ -64.58967, 4.11887 ], [ -64.60822, 4.12649 ], [ -64.66098, 4.22747 ], [ -64.69987, 4.26416 ], [ -64.74594, 4.28762 ], [ -64.79162, 4.28442 ], [ -64.81291, 4.25279 ], [ -64.81304, 4.21057 ], [ -64.80126, 4.18853 ], [ -64.74191, 4.15719 ], [ -64.7271, 4.14078 ], [ -64.70744, 4.08296 ], [ -64.6629, 3.99699 ], [ -64.6429, 3.97296 ], [ -64.57497, 3.91421 ], [ -64.53143, 3.85351 ], [ -64.43454, 3.77848 ], [ -64.32416, 3.72411 ], [ -64.26556, 3.65221 ], [ -64.20298, 3.59472 ], [ -64.19574, 3.57007 ], [ -64.19786, 3.51508 ], [ -64.24215, 3.44297 ], [ -64.24561, 3.41894 ], [ -64.21631, 3.25143 ], [ -64.22292, 3.124 ], [ -64.10595, 2.94721 ], [ -64.02908, 2.79797 ], [ -64.0, 2.72135 ] ] ], [ [ [ -64.0, 2.46695 ], [ -64.0, 2.69639 ], [ -64.01219, 2.60377 ], [ -64.05782, 2.51044 ], [ -64.04797, 2.47132 ], [ -64.0325, 2.463 ], [ -64.01079, 2.46817 ], [ -64.0, 2.46695 ] ] ], [ [ [ -64.0, -7.0 ], [ -64.0, 1.95435 ], [ -64.03663, 1.92727 ], [ -64.0536, 1.89371 ], [ -64.0603, 1.80746 ], [ -64.07595, 1.74537 ], [ -64.07254, 1.68458 ], [ -64.09296, 1.62262 ], [ -64.12972, 1.57807 ], [ -64.17709, 1.55115 ], [ -64.23215, 1.49714 ], [ -64.30152, 1.44666 ], [ -64.32188, 1.42444 ], [ -64.35294, 1.36584 ], [ -64.3701, 1.35873 ], [ -64.38958, 1.3693 ], [ -64.39477, 1.39219 ], [ -64.38503, 1.4364 ], [ -64.36382, 1.47735 ], [ -64.36459, 1.49709 ], [ -64.38643, 1.51024 ], [ -64.40901, 1.50751 ], [ -64.5512, 1.41953 ], [ -64.60422, 1.33129 ], [ -64.73088, 1.24757 ], [ -64.77131, 1.24675 ], [ -64.82144, 1.27057 ], [ -64.83929, 1.27083 ], [ -64.8974, 1.21967 ], [ -64.96647, 1.2006 ], [ -65.01745, 1.16298 ], [ -65.02249, 1.13998 ], [ -65.05962, 1.13239 ], [ -65.10052, 1.13611 ], [ -65.13677, 1.12691 ], [ -65.16018, 1.08019 ], [ -65.17899, 0.9554 ], [ -65.20304, 0.92382 ], [ -65.22315, 0.91436 ], [ -65.31027, 0.91865 ], [ -65.3272, 0.91028 ], [ -65.40001, 0.81654 ], [ -65.40962, 0.79215 ], [ -65.41388, 0.74161 ], [ -65.45122, 0.69014 ], [ -65.49783, 0.65872 ], [ -65.54266, 0.64932 ], [ -65.56049, 0.65603 ], [ -65.58522, 0.69148 ], [ -65.58734, 0.73913 ], [ -65.53318, 0.81633 ], [ -65.517, 0.86279 ], [ -65.5185, 0.88651 ], [ -65.53581, 0.92847 ], [ -65.57085, 0.96857 ], [ -65.59604, 0.98361 ], [ -65.70105, 0.98439 ], [ -65.74544, 0.97415 ], [ -65.89176, 0.89561 ], [ -65.97408, 0.80698 ], [ -65.99418, 0.79473 ], [ -66.07919, 0.77758 ], [ -66.11113, 0.74182 ], [ -66.13438, 0.73112 ], [ -66.15634, 0.73303 ], [ -66.20874, 0.76311 ], [ -66.28507, 0.74585 ], [ -66.3462, 0.75939 ], [ -66.40708, 0.80207 ], [ -66.87506, 1.22251 ], [ -67.06523, 1.17269 ], [ -67.08611, 1.176 ], [ -67.0982, 1.25336 ], [ -67.0736, 1.5412 ], [ -67.08295, 1.60463 ], [ -67.11716, 1.70979 ], [ -67.15572, 1.78808 ], [ -67.26475, 1.93254 ], [ -67.34061, 2.09011 ], [ -67.36578, 2.11496 ], [ -67.42464, 2.13811 ], [ -67.43973, 2.13956 ], [ -67.47533, 2.11186 ], [ -67.51027, 2.10742 ], [ -67.5544, 2.07313 ], [ -67.59295, 2.05481 ], [ -67.66974, 1.97334 ], [ -67.79046, 1.81258 ], [ -67.82084, 1.784 ], [ -67.86053, 1.76152 ], [ -67.92885, 1.74129 ], [ -67.96486, 1.74015 ], [ -67.99825, 1.74997 ], [ -68.03179, 1.77752 ], [ -68.05866, 1.8164 ], [ -68.11111, 1.94241 ], [ -68.12615, 1.95621 ], [ -68.1771, 1.97319 ], [ -68.18516, 1.98076 ], [ -68.19219, 2.01489 ], [ -68.20082, 2.00784 ], [ -68.26082, 1.85821 ], [ -68.28025, 1.8294 ], [ -68.24831, 1.82211 ], [ -68.23896, 1.81025 ], [ -68.23896, 1.77028 ], [ -68.19353, 1.76374 ], [ -68.18878, 1.73584 ], [ -68.1633, 1.72129 ], [ -69.3524, 1.72021 ], [ -69.39338, 1.72527 ], [ -69.46919, 1.75739 ], [ -69.54195, 1.77271 ], [ -69.5803, 1.77023 ], [ -69.64905, 1.73894 ], [ -69.72915, 1.73899 ], [ -69.80754, 1.70736 ], [ -69.85617, 1.70767 ], [ -69.84881, 1.66889 ], [ -69.85219, 1.05942 ], [ -69.82935, 1.05725 ], [ -69.78767, 1.08422 ], [ -69.76256, 1.0911 ], [ -69.72806, 1.08298 ], [ -69.72651, 1.06102 ], [ -69.71602, 1.05859 ], [ -69.61991, 1.07275 ], [ -69.54296, 1.0556 ], [ -69.47826, 1.06066 ], [ -69.41816, 1.02862 ], [ -69.35496, 1.06707 ], [ -69.28882, 1.03844 ], [ -69.23285, 0.98836 ], [ -69.22618, 0.9572 ], [ -69.20432, 0.94366 ], [ -69.20998, 0.90754 ], [ -69.15239, 0.8678 ], [ -69.15234, 0.85426 ], [ -69.17539, 0.84445 ], [ -69.16776, 0.75603 ], [ -69.19226, 0.72895 ], [ -69.18926, 0.71515 ], [ -69.15208, 0.69055 ], [ -69.13745, 0.65014 ], [ -69.14366, 0.63753 ], [ -69.16234, 0.63144 ], [ -69.2006, 0.6395 ], [ -69.22618, 0.6148 ], [ -69.29706, 0.6181 ], [ -69.29282, 0.64559 ], [ -69.30215, 0.65655 ], [ -69.36256, 0.64094 ], [ -69.43971, 0.71577 ], [ -69.47808, 0.73282 ], [ -69.50371, 0.72962 ], [ -69.55565, 0.70017 ], [ -69.59412, 0.68931 ], [ -69.61916, 0.65066 ], [ -69.69468, 0.66875 ], [ -69.73287, 0.63898 ], [ -69.80532, 0.60694 ], [ -69.95286, 0.58575 ], [ -69.99924, 0.58978 ], [ -70.03942, 0.57459 ], [ -70.05425, 0.58813 ], [ -70.07381, -0.1249 ], [ -70.06804, -0.16014 ], [ -69.93363, -0.31435 ], [ -69.85811, -0.34143 ], [ -69.83478, -0.38318 ], [ -69.79145, -0.40819 ], [ -69.74646, -0.45305 ], [ -69.64952, -0.49201 ], [ -69.61975, -0.52457 ], [ -69.60453, -0.60632 ], [ -69.58422, -0.64456 ], [ -69.62838, -0.73344 ], [ -69.61836, -0.7569 ], [ -69.57273, -0.81354 ], [ -69.57324, -0.8492 ], [ -69.53733, -0.88951 ], [ -69.53924, -0.92061 ], [ -69.5326, -0.93405 ], [ -69.49314, -0.95617 ], [ -69.47123, -0.988 ], [ -69.44997, -0.99679 ], [ -69.44286, -1.00836 ], [ -69.43976, -1.04867 ], [ -69.44816, -1.09208 ], [ -69.39945, -1.18272 ], [ -69.42111, -1.23863 ], [ -69.41832, -1.28411 ], [ -69.4347, -1.3764 ], [ -69.43395, -1.42219 ], [ -69.46643, -1.56109 ], [ -69.9472, -4.20114 ], [ -69.96495, -4.23648 ], [ -69.96257, -4.26429 ], [ -69.97182, -4.29095 ], [ -69.98939, -4.31462 ], [ -70.0229, -4.33891 ], [ -70.03704, -4.34087 ], [ -70.07561, -4.31617 ], [ -70.09662, -4.26573 ], [ -70.13889, -4.26046 ], [ -70.15726, -4.27018 ], [ -70.18656, -4.3263 ], [ -70.20563, -4.34294 ], [ -70.23132, -4.30366 ], [ -70.25759, -4.29922 ], [ -70.31671, -4.24703 ], [ -70.3111, -4.17086 ], [ -70.33061, -4.14316 ], [ -70.34307, -4.13944 ], [ -70.36144, -4.16817 ], [ -70.39867, -4.14233 ], [ -70.42993, -4.13417 ], [ -70.46001, -4.1446 ], [ -70.51598, -4.18233 ], [ -70.52639, -4.17602 ], [ -70.53411, -4.14677 ], [ -70.54969, -4.14068 ], [ -70.56564, -4.14884 ], [ -70.58527, -4.19452 ], [ -70.63253, -4.16682 ], [ -70.63106, -4.11897 ], [ -70.64677, -4.11566 ], [ -70.66289, -4.12218 ], [ -70.69405, -4.1723 ], [ -70.77425, -4.15504 ], [ -70.83224, -4.17943 ], [ -70.84831, -4.20445 ], [ -70.84275, -4.23814 ], [ -70.87371, -4.25075 ], [ -70.89639, -4.29984 ], [ -70.96869, -4.38531 ], [ -71.00545, -4.34759 ], [ -71.00998, -4.36981 ], [ -71.02933, -4.38583 ], [ -71.08157, -4.36413 ], [ -71.10604, -4.37384 ], [ -71.1285, -4.40185 ], [ -71.15247, -4.39172 ], [ -71.16968, -4.36278 ], [ -71.18617, -4.37219 ], [ -71.21407, -4.41084 ], [ -71.24167, -4.38004 ], [ -71.26482, -4.37549 ], [ -71.28849, -4.38077 ], [ -71.30461, -4.39492 ], [ -71.30538, -4.42707 ], [ -71.31515, -4.43999 ], [ -71.33076, -4.43513 ], [ -71.36326, -4.45921 ], [ -71.38698, -4.43492 ], [ -71.47742, -4.44061 ], [ -71.50615, -4.44856 ], [ -71.5246, -4.48515 ], [ -71.57157, -4.48071 ], [ -71.61715, -4.50034 ], [ -71.61343, -4.47926 ], [ -71.64381, -4.50231 ], [ -71.66521, -4.50758 ], [ -71.69931, -4.48164 ], [ -71.74019, -4.49559 ], [ -71.78484, -4.4805 ], [ -71.80065, -4.50241 ], [ -71.90721, -4.51843 ], [ -71.98028, -4.5823 ], [ -72.00984, -4.5916 ], [ -72.03552, -4.61186 ], [ -72.07113, -4.60514 ], [ -72.10802, -4.66426 ], [ -72.25106, -4.75883 ], [ -72.2693, -4.76493 ], [ -72.33194, -4.76327 ], [ -72.3447, -4.7826 ], [ -72.38609, -4.79397 ], [ -72.39684, -4.80565 ], [ -72.40413, -4.86022 ], [ -72.41467, -4.87634 ], [ -72.4526, -4.89918 ], [ -72.47648, -4.90249 ], [ -72.49513, -4.94698 ], [ -72.54645, -4.95825 ], [ -72.5866, -4.9967 ], [ -72.61435, -5.00972 ], [ -72.64479, -5.06057 ], [ -72.70799, -5.06315 ], [ -72.74757, -5.05509 ], [ -72.77294, -5.08114 ], [ -72.83113, -5.09664 ], [ -72.85397, -5.0925 ], [ -72.85893, -5.11607 ], [ -72.91795, -5.13209 ], [ -72.92198, -5.14687 ], [ -72.90033, -5.19462 ], [ -72.89666, -5.27162 ], [ -72.92399, -5.31358 ], [ -72.93479, -5.37218 ], [ -72.9735, -5.46613 ], [ -72.96048, -5.55925 ], [ -72.97691, -5.65175 ], [ -73.00135, -5.7088 ], [ -73.10564, -5.84698 ], [ -73.14, -5.8785 ], [ -73.23478, -6.07756 ], [ -73.23529, -6.12366 ], [ -73.22599, -6.14794 ], [ -73.17767, -6.20241 ], [ -73.15571, -6.32271 ], [ -73.12698, -6.39134 ], [ -73.13178, -6.43526 ], [ -73.1478, -6.47619 ], [ -73.17147, -6.51743 ], [ -73.19896, -6.54565 ], [ -73.23359, -6.56404 ], [ -73.27849, -6.57572 ], [ -73.34919, -6.57645 ], [ -73.37068, -6.58389 ], [ -73.51321, -6.69778 ], [ -73.59388, -6.74398 ], [ -73.67196, -6.80072 ], [ -73.70679, -6.84961 ], [ -73.75942, -6.88743 ], [ -73.76771, -6.95926 ], [ -73.78037, -7.0 ], [ -64.0, -7.0 ] ] ] ] } },
{ "type": "Feature", "properties": { "code": "COL", "name": "Colombia" }, "geometry": { "type": "MultiPolygon", "coordinates": [ [ [ [ -78.81286, 1.4418 ], [ -78.82868, 1.43431 ], [ -78.76997, 1.3941 ], [ -78.71948, 1.34106 ], [ -78.68429, 1.28189 ], [ -78.66468, 1.26664 ], [ -78.64127, 1.25941 ], [ -78.60215, 1.26364 ], [ -78.59662, 1.23409 ], [ -78.57006, 1.19585 ], [ -78.5406, 1.20535 ], [ -78.4852, 1.19264 ], [ -78.34922, 1.0558 ], [ -78.25015, 1.01963 ], [ -78.12001, 0.92124 ], [ -78.07794, 0.90077 ], [ -78.00704, 0.89819 ], [ -77.93904, 0.87256 ], [ -77.91826, 0.87442 ], [ -77.90855, 0.86419 ], [ -77.90322, 0.8321 ], [ -77.84798, 0.80925 ], [ -77.80762, 0.81303 ], [ -77.72789, 0.84331 ], [ -77.70319, 0.8431 ], [ -77.67332, 0.81964 ], [ -77.6668, 0.74771 ], [ -77.64557, 0.71629 ], [ -77.57983, 0.67092 ], [ -77.54335, 0.65645 ], [ -77.50935, 0.6612 ], [ -77.46806, 0.65087 ], [ -77.45457, 0.60239 ], [ -77.44816, 0.49728 ], [ -77.43473, 0.43382 ], [ -77.42439, 0.4083 ], [ -77.39747, 0.38763 ], [ -77.25613, 0.35321 ], [ -77.20694, 0.33419 ], [ -77.11743, 0.35755 ], [ -77.08286, 0.34887 ], [ -77.04462, 0.30567 ], [ -76.94587, 0.28706 ], [ -76.88246, 0.24014 ], [ -76.79787, 0.24996 ], [ -76.73436, 0.23311 ], [ -76.73689, 0.2729 ], [ -76.72454, 0.27756 ], [ -76.62687, 0.25854 ], [ -76.58434, 0.22257 ], [ -76.56543, 0.21606 ], [ -76.52491, 0.23125 ], [ -76.42569, 0.24273 ], [ -76.40802, 0.25451 ], [ -76.41835, 0.32086 ], [ -76.41639, 0.40189 ], [ -76.36539, 0.40695 ], [ -76.33495, 0.44168 ], [ -76.30048, 0.46163 ], [ -76.26291, 0.42804 ], [ -76.22374, 0.40675 ], [ -76.1363, 0.39672 ], [ -76.11956, 0.35176 ], [ -76.05347, 0.36354 ], [ -75.97249, 0.25192 ], [ -75.95197, 0.20397 ], [ -75.78971, 0.08439 ], [ -75.73163, 0.07116 ], [ -75.64667, 0.08542 ], [ -75.62677, 0.07891 ], [ -75.59825, 0.05039 ], [ -75.57014, 0.03798 ], [ -75.52311, -0.00398 ], [ -75.46492, -0.03974 ], [ -75.42141, -0.06217 ], [ -75.36545, -0.07281 ], [ -75.28349, -0.10702 ], [ -75.24013, -0.07477 ], [ -75.2221, -0.0324 ], [ -75.1867, -0.03126 ], [ -75.14169, -0.04346 ], [ -75.10164, -0.06909 ], [ -75.05074, -0.13431 ], [ -75.01536, -0.14051 ], [ -74.96821, -0.1897 ], [ -74.93346, -0.20944 ], [ -74.87271, -0.22195 ], [ -74.83654, -0.17327 ], [ -74.82465, -0.17048 ], [ -74.78946, -0.20903 ], [ -74.75533, -0.27828 ], [ -74.7907, -0.31259 ], [ -74.71812, -0.32727 ], [ -74.68657, -0.35341 ], [ -74.64231, -0.33977 ], [ -74.60446, -0.39496 ], [ -74.56239, -0.4394 ], [ -74.47563, -0.49645 ], [ -74.44189, -0.53552 ], [ -74.41796, -0.54265 ], [ -74.41266, -0.57314 ], [ -74.36489, -0.67618 ], [ -74.38476, -0.70285 ], [ -74.38514, -0.72197 ], [ -74.34432, -0.77406 ], [ -74.3028, -0.78543 ], [ -74.3106, -0.80145 ], [ -74.28913, -0.83628 ], [ -74.29512, -0.84734 ], [ -74.33755, -0.84682 ], [ -74.34442, -0.8586 ], [ -74.30339, -0.89777 ], [ -74.28913, -0.94304 ], [ -74.26675, -0.97229 ], [ -74.24019, -0.98686 ], [ -74.18053, -0.99772 ], [ -74.11963, -1.02097 ], [ -74.09237, -1.02014 ], [ -74.07689, -0.99089 ], [ -74.06545, -1.00144 ], [ -74.03721, -1.07967 ], [ -74.0168, -1.09156 ], [ -73.98279, -1.06624 ], [ -73.97334, -1.08164 ], [ -73.98129, -1.10748 ], [ -73.96763, -1.11481 ], [ -73.93641, -1.10779 ], [ -73.9199, -1.11378 ], [ -73.88076, -1.19099 ], [ -73.85717, -1.21052 ], [ -73.80254, -1.22365 ], [ -73.78585, -1.21424 ], [ -73.76978, -1.18892 ], [ -73.75472, -1.18334 ], [ -73.73237, -1.21651 ], [ -73.63656, -1.25517 ], [ -73.61821, -1.30612 ], [ -73.59713, -1.30612 ], [ -73.58897, -1.35025 ], [ -73.56292, -1.37216 ], [ -73.58344, -1.40172 ], [ -73.57421, -1.41691 ], [ -73.53713, -1.43428 ], [ -73.49716, -1.478 ], [ -73.48453, -1.57246 ], [ -73.50882, -1.58683 ], [ -73.51742, -1.60202 ], [ -73.52881, -1.63509 ], [ -73.53099, -1.67375 ], [ -73.51093, -1.69855 ], [ -73.44629, -1.73814 ], [ -73.44009, -1.7587 ], [ -73.38707, -1.76087 ], [ -73.35053, -1.79064 ], [ -73.3403, -1.79219 ], [ -73.31658, -1.76542 ], [ -73.26769, -1.77224 ], [ -73.25726, -1.74237 ], [ -73.24702, -1.74237 ], [ -73.22031, -1.77235 ], [ -73.19302, -1.78868 ], [ -73.18625, -1.79963 ], [ -73.19364, -1.83684 ], [ -73.15891, -1.89523 ], [ -73.17116, -1.92955 ], [ -73.16873, -1.95931 ], [ -73.1446, -1.99817 ], [ -73.12455, -2.0608 ], [ -73.11106, -2.07341 ], [ -73.14992, -2.14359 ], [ -73.19529, -2.1872 ], [ -73.19778, -2.21356 ], [ -73.1663, -2.25552 ], [ -73.15891, -2.29304 ], [ -73.09887, -2.31495 ], [ -73.08383, -2.34513 ], [ -73.0707, -2.33324 ], [ -73.05644, -2.29986 ], [ -72.98756, -2.33769 ], [ -72.96978, -2.35608 ], [ -72.95278, -2.40228 ], [ -72.93541, -2.42533 ], [ -72.86999, -2.41179 ], [ -72.80467, -2.37779 ], [ -72.76168, -2.40228 ], [ -72.75418, -2.38068 ], [ -72.73372, -2.36755 ], [ -72.71243, -2.42212 ], [ -72.68318, -2.40476 ], [ -72.64432, -2.33407 ], [ -72.60841, -2.34637 ], [ -72.56298, -2.38306 ], [ -72.44159, -2.40518 ], [ -72.41426, -2.43711 ], [ -72.37803, -2.45075 ], [ -72.28383, -2.43318 ], [ -72.28186, -2.40569 ], [ -72.25096, -2.39629 ], [ -72.17639, -2.41034 ], [ -72.16146, -2.40569 ], [ -72.08942, -2.33097 ], [ -72.06151, -2.32001 ], [ -71.94865, -2.32415 ], [ -71.93635, -2.31185 ], [ -71.93175, -2.28963 ], [ -71.87718, -2.24529 ], [ -71.8362, -2.17976 ], [ -71.74613, -2.13232 ], [ -71.73848, -2.1377 ], [ -71.73998, -2.17294 ], [ -71.7314, -2.18989 ], [ -71.67854, -2.16953 ], [ -71.65492, -2.17377 ], [ -71.59596, -2.21108 ], [ -71.53839, -2.22296 ], [ -71.52713, -2.23154 ], [ -71.52227, -2.25035 ], [ -71.52098, -2.29211 ], [ -71.51405, -2.3074 ], [ -71.49814, -2.31505 ], [ -71.48057, -2.26575 ], [ -71.46667, -2.25149 ], [ -71.45649, -2.25511 ], [ -71.41163, -2.32663 ], [ -71.43215, -2.35515 ], [ -71.42083, -2.37603 ], [ -71.38698, -2.3689 ], [ -71.31546, -2.33407 ], [ -71.30761, -2.34781 ], [ -71.25335, -2.32663 ], [ -71.21986, -2.34151 ], [ -71.20906, -2.33924 ], [ -71.16193, -2.31019 ], [ -71.14281, -2.26286 ], [ -71.11997, -2.25211 ], [ -71.07912, -2.24756 ], [ -71.05393, -2.26265 ], [ -71.02969, -2.264 ], [ -71.02062, -2.25893 ], [ -71.03199, -2.21077 ], [ -71.02145, -2.19671 ], [ -70.99272, -2.19744 ], [ -70.92525, -2.22028 ], [ -70.90456, -2.21108 ], [ -70.8742, -2.22958 ], [ -70.82236, -2.28477 ], [ -70.78787, -2.3074 ], [ -70.70658, -2.32828 ], [ -70.69906, -2.3411 ], [ -70.69904, -2.37014 ], [ -70.66372, -2.39825 ], [ -70.6476, -2.45075 ], [ -70.59863, -2.44662 ], [ -70.59607, -2.41654 ], [ -70.57861, -2.40549 ], [ -70.53773, -2.43587 ], [ -70.48445, -2.45251 ], [ -70.45699, -2.49271 ], [ -70.44526, -2.4985 ], [ -70.40025, -2.48486 ], [ -70.35754, -2.48693 ], [ -70.34493, -2.49664 ], [ -70.34963, -2.51835 ], [ -70.37635, -2.53261 ], [ -70.36462, -2.55762 ], [ -70.33511, -2.554 ], [ -70.29589, -2.5354 ], [ -70.27395, -2.54625 ], [ -70.23607, -2.62511 ], [ -70.21752, -2.63214 ], [ -70.18388, -2.61953 ], [ -70.16408, -2.63503 ], [ -70.15972, -2.66397 ], [ -70.15047, -2.66924 ], [ -70.10579, -2.62521 ], [ -70.09497, -2.63255 ], [ -70.0758, -2.69136 ], [ -70.05063, -2.71513 ], [ -70.73413, -3.78204 ], [ -70.69064, -3.7868 ], [ -70.54429, -3.86524 ], [ -70.49089, -3.87847 ], [ -70.46425, -3.87878 ], [ -70.43851, -3.86772 ], [ -70.37769, -3.81884 ], [ -70.34958, -3.81584 ], [ -70.3111, -3.82927 ], [ -70.27356, -3.85656 ], [ -70.21698, -3.92498 ], [ -70.1884, -4.02895 ], [ -70.16171, -4.05562 ], [ -70.0605, -4.10719 ], [ -70.0305, -4.13158 ], [ -69.99275, -4.18088 ], [ -69.96495, -4.23648 ], [ -69.9472, -4.20114 ], [ -69.46643, -1.56109 ], [ -69.43395, -1.42219 ], [ -69.4347, -1.3764 ], [ -69.41832, -1.28411 ], [ -69.42111, -1.23863 ], [ -69.39945, -1.18272 ], [ -69.44816, -1.09208 ], [ -69.43976, -1.04867 ], [ -69.44286, -1.00836 ], [ -69.44997, -0.99679 ], [ -69.47123, -0.988 ], [ -69.49314, -0.95617 ], [ -69.5326, -0.93405 ], [ -69.53924, -0.92061 ], [ -69.53733, -0.88951 ], [ -69.57324, -0.8492 ], [ -69.57273, -0.81354 ], [ -69.61836, -0.7569 ], [ -69.62838, -0.73344 ], [ -69.58422, -0.64456 ], [ -69.60453, -0.60632 ], [ -69.61975, -0.52457 ], [ -69.64952, -0.49201 ], [ -69.74646, -0.45305 ], [ -69.79145, -0.40819 ], [ -69.83478, -0.38318 ], [ -69.85811, -0.34143 ], [ -69.93363, -0.31435 ], [ -70.06804, -0.16014 ], [ -70.07381, -0.1249 ], [ -70.05425, 0.58813 ], [ -70.03942, 0.57459 ], [ -69.99924, 0.58978 ], [ -69.95286, 0.58575 ], [ -69.80532, 0.60694 ], [ -69.73287, 0.63898 ], [ -69.69468, 0.66875 ], [ -69.61916, 0.65066 ], [ -69.59412, 0.68931 ], [ -69.55565, 0.70017 ], [ -69.50371, 0.72962 ], [ -69.47808, 0.73282 ], [ -69.43971, 0.71577 ], [ -69.36256, 0.64094 ], [ -69.30215, 0.65655 ], [ -69.29282, 0.64559 ], [ -69.29706, 0.6181 ], [ -69.22618, 0.6148 ], [ -69.2006, 0.6395 ], [ -69.16234, 0.63144 ], [ -69.14366, 0.63753 ], [ -69.13745, 0.65014 ], [ -69.15208, 0.69055 ], [ -69.18926, 0.71515 ], [ -69.19226, 0.72895 ], [ -69.16776, 0.75603 ], [ -69.17539, 0.84445 ], [ -69.15234, 0.85426 ], [ -69.15239, 0.8678 ], [ -69.20998, 0.90754 ], [ -69.20432, 0.94366 ], [ -69.22618, 0.9572 ], [ -69.23285, 0.98836 ], [ -69.28882, 1.03844 ], [ -69.35496, 1.06707 ], [ -69.41816, 1.02862 ], [ -69.47826, 1.06066 ], [ -69.54296, 1.0556 ], [ -69.61991, 1.07275 ], [ -69.71602, 1.05859 ], [ -69.72651, 1.06102 ], [ -69.72806, 1.08298 ], [ -69.76256, 1.0911 ], [ -69.78767, 1.08422 ], [ -69.82935, 1.05725 ], [ -69.85219, 1.05942 ], [ -69.84881, 1.66889 ], [ -69.85617, 1.70767 ], [ -69.80754, 1.70736 ], [ -69.72915, 1.73899 ], [ -69.64905, 1.73894 ], [ -69.5803, 1.77023 ], [ -69.54195, 1.77271 ], [ -69.46919, 1.75739 ], [ -69.39338, 1.72527 ], [ -69.3524, 1.72021 ], [ -68.1633, 1.72129 ], [ -68.18878, 1.73584 ], [ -68.19353, 1.76374 ], [ -68.23896, 1.77028 ], [ -68.23896, 1.81025 ], [ -68.24831, 1.82211 ], [ -68.28025, 1.8294 ], [ -68.26082, 1.85821 ], [ -68.20082, 2.00784 ], [ -68.19219, 2.01489 ], [ -68.18516, 1.98076 ], [ -68.1771, 1.97319 ], [ -68.12615, 1.95621 ], [ -68.11111, 1.94241 ], [ -68.05866, 1.8164 ], [ -68.03179, 1.77752 ], [ -67.99825, 1.74997 ], [ -67.96486, 1.74015 ], [ -67.92885, 1.74129 ], [ -67.86053, 1.76152 ], [ -67.82084, 1.784 ], [ -67.79046, 1.81258 ], [ -67.66974, 1.97334 ], [ -67.59295, 2.05481 ], [ -67.5544, 2.07313 ], [ -67.51027, 2.10742 ], [ -67.47533, 2.11186 ], [ -67.43973, 2.13956 ], [ -67.42464, 2.13811 ], [ -67.36578, 2.11496 ], [ -67.34061, 2.09011 ], [ -67.26475, 1.93254 ], [ -67.15572, 1.78808 ], [ -67.11716, 1.70979 ], [ -67.08295, 1.60463 ], [ -67.0736, 1.5412 ], [ -67.0982, 1.25336 ], [ -67.08611, 1.176 ], [ -67.06523, 1.17269 ], [ -66.87506, 1.22251 ], [ -66.9009, 1.28897 ], [ -66.8825, 1.32602 ], [ -66.88354, 1.34994 ], [ -66.90173, 1.39446 ], [ -66.93273, 1.42464 ], [ -66.93361, 1.50169 ], [ -66.97418, 1.58003 ], [ -66.98089, 1.66595 ], [ -67.06683, 1.89412 ], [ -67.09158, 1.94652 ], [ -67.13262, 1.99081 ], [ -67.13515, 2.00334 ], [ -67.11463, 2.0313 ], [ -67.11117, 2.04884 ], [ -67.11463, 2.103 ], [ -67.12099, 2.1191 ], [ -67.16925, 2.14116 ], [ -67.17783, 2.15449 ], [ -67.21726, 2.26606 ], [ -67.21768, 2.28451 ], [ -67.17375, 2.33645 ], [ -67.18972, 2.39438 ], [ -67.23137, 2.42233 ], [ -67.26656, 2.43375 ], [ -67.32542, 2.47463 ], [ -67.34061, 2.51049 ], [ -67.38154, 2.53778 ], [ -67.44035, 2.61002 ], [ -67.47089, 2.62713 ], [ -67.4852, 2.66191 ], [ -67.50029, 2.67534 ], [ -67.5637, 2.68175 ], [ -67.57559, 2.6911 ], [ -67.59429, 2.77611 ], [ -67.62659, 2.81342 ], [ -67.66561, 2.80133 ], [ -67.69041, 2.80634 ], [ -67.75103, 2.8421 ], [ -67.7702, 2.83244 ], [ -67.82332, 2.82732 ], [ -67.85593, 2.78975 ], [ -67.85526, 2.85817 ], [ -67.83862, 2.88613 ], [ -67.45218, 3.24368 ], [ -67.3958, 3.26657 ], [ -67.30945, 3.38393 ], [ -67.30465, 3.42571 ], [ -67.33782, 3.4601 ], [ -67.39012, 3.48506 ], [ -67.40392, 3.50446 ], [ -67.47141, 3.68006 ], [ -67.49983, 3.71791 ], [ -67.53745, 3.73551 ], [ -67.59481, 3.73091 ], [ -67.61414, 3.74057 ], [ -67.63176, 3.76186 ], [ -67.64442, 3.83462 ], [ -67.69387, 3.9286 ], [ -67.70163, 4.01195 ], [ -67.71702, 4.03934 ], [ -67.72064, 4.07497 ], [ -67.73165, 4.08637 ], [ -67.74018, 4.11872 ], [ -67.77774, 4.15393 ], [ -67.78622, 4.17298 ], [ -67.80493, 4.26847 ], [ -67.79986, 4.30607 ], [ -67.7794, 4.35079 ], [ -67.79986, 4.39891 ], [ -67.79309, 4.42898 ], [ -67.8135, 4.44327 ], [ -67.82906, 4.49143 ], [ -67.85655, 4.50417 ], [ -67.87505, 4.53264 ], [ -67.8734, 4.54652 ], [ -67.85516, 4.56616 ], [ -67.84565, 4.68974 ], [ -67.82286, 4.74359 ], [ -67.8135, 4.84051 ], [ -67.8272, 4.87154 ], [ -67.82637, 4.89484 ], [ -67.80668, 4.97226 ], [ -67.80673, 5.03571 ], [ -67.79309, 5.06334 ], [ -67.821, 5.10059 ], [ -67.82663, 5.12039 ], [ -67.8135, 5.18656 ], [ -67.81862, 5.22782 ], [ -67.84368, 5.29725 ], [ -67.83459, 5.33931 ], [ -67.80978, 5.37882 ], [ -67.77258, 5.40967 ], [ -67.75211, 5.40967 ], [ -67.73165, 5.43013 ], [ -67.70214, 5.4414 ], [ -67.65248, 5.47796 ], [ -67.636, 5.51954 ], [ -67.61703, 5.5416 ], [ -67.61429, 5.55367 ], [ -67.636, 5.57759 ], [ -67.64907, 5.65609 ], [ -67.64116, 5.74484 ], [ -67.62514, 5.78451 ], [ -67.60122, 5.82058 ], [ -67.54158, 5.87672 ], [ -67.4852, 5.94408 ], [ -67.42247, 5.97824 ], [ -67.41859, 5.99535 ], [ -67.42857, 6.03847 ], [ -67.4543, 6.05679 ], [ -67.4912, 6.11449 ], [ -67.48696, 6.16678 ], [ -67.44996, 6.19794 ], [ -67.49048, 6.20164 ], [ -67.57398, 6.26623 ], [ -67.73098, 6.30269 ], [ -67.8272, 6.31341 ], [ -67.86813, 6.27988 ], [ -67.9043, 6.27515 ], [ -67.92414, 6.23456 ], [ -67.97799, 6.21784 ], [ -68.01902, 6.21161 ], [ -68.14651, 6.22378 ], [ -68.19028, 6.21784 ], [ -68.30417, 6.17699 ], [ -68.34112, 6.17683 ], [ -68.4067, 6.19489 ], [ -68.44902, 6.195 ], [ -68.52251, 6.17329 ], [ -68.58472, 6.17001 ], [ -68.63531, 6.13588 ], [ -68.80786, 6.18433 ], [ -68.89292, 6.18433 ], [ -68.9609, 6.20236 ], [ -68.97858, 6.19732 ], [ -69.03689, 6.21877 ], [ -69.06113, 6.21784 ], [ -69.12996, 6.16993 ], [ -69.18916, 6.11263 ], [ -69.2461, 6.08066 ], [ -69.31135, 6.14622 ], [ -69.3314, 6.15637 ], [ -69.44364, 6.12224 ], [ -70.09662, 6.94444 ], [ -70.1292, 6.97255 ], [ -70.19501, 6.97756 ], [ -70.23126, 6.96852 ], [ -70.28762, 6.93694 ], [ -70.31906, 6.93829 ], [ -70.43779, 6.99301 ], [ -70.45166, 7.00769 ], [ -70.5107, 7.0097 ], [ -70.57861, 7.08582 ], [ -70.63928, 7.07347 ], [ -70.68261, 7.08463 ], [ -70.7033, 7.09993 ], [ -70.89554, 7.06851 ], [ -70.91882, 7.03947 ], [ -70.96132, 7.00944 ], [ -71.01127, 6.99089 ], [ -71.06548, 6.98454 ], [ -71.13604, 6.99213 ], [ -71.18405, 6.96257 ], [ -71.21325, 6.97751 ], [ -71.27552, 6.98438 ], [ -71.28353, 7.01885 ], [ -71.29252, 7.02577 ], [ -71.34936, 7.01947 ], [ -71.4139, 7.03099 ], [ -71.4677, 7.01244 ], [ -71.48765, 7.02893 ], [ -71.50992, 7.03461 ], [ -71.54863, 7.02831 ], [ -71.55844, 7.04123 ], [ -71.59472, 7.03011 ], [ -71.6204, 7.05213 ], [ -71.66702, 7.05151 ], [ -71.67353, 7.04422 ], [ -71.6696, 7.02774 ], [ -71.69802, 7.03497 ], [ -71.77404, 7.02893 ], [ -71.77151, 7.01115 ], [ -71.79962, 7.00919 ], [ -71.84819, 6.98386 ], [ -71.99382, 7.01285 ], [ -72.081, 7.0666 ], [ -72.09826, 7.08675 ], [ -72.16414, 7.2208 ], [ -72.17422, 7.27961 ], [ -72.16404, 7.32886 ], [ -72.20621, 7.38188 ], [ -72.23969, 7.39128 ], [ -72.32181, 7.39004 ], [ -72.41462, 7.41381 ], [ -72.45131, 7.44022 ], [ -72.4787, 7.48445 ], [ -72.48201, 7.50802 ], [ -72.4634, 7.57075 ], [ -72.48335, 7.64935 ], [ -72.47415, 7.75415 ], [ -72.45177, 7.8328 ], [ -72.45865, 7.89352 ], [ -72.4912, 7.9375 ], [ -72.48779, 7.94918 ], [ -72.45674, 7.96494 ], [ -72.43012, 7.99052 ], [ -72.40707, 8.04377 ], [ -72.35008, 8.04259 ], [ -72.33385, 8.06548 ], [ -72.33576, 8.1039 ], [ -72.35726, 8.17214 ], [ -72.39596, 8.2566 ], [ -72.38397, 8.32179 ], [ -72.39354, 8.35538 ], [ -72.41508, 8.38241 ], [ -72.45627, 8.40393 ], [ -72.65543, 8.6179 ], [ -72.67543, 8.65151 ], [ -72.78307, 9.05994 ], [ -72.80002, 9.07945 ], [ -72.7856, 9.10244 ], [ -72.79103, 9.11394 ], [ -72.82669, 9.14169 ], [ -72.83413, 9.13363 ], [ -72.87402, 9.13342 ], [ -72.9364, 9.09919 ], [ -72.95531, 9.10399 ], [ -72.97319, 9.12844 ], [ -72.98006, 9.21652 ], [ -72.99562, 9.23535 ], [ -72.99112, 9.25168 ], [ -73.00972, 9.29538 ], [ -73.03267, 9.2946 ], [ -73.07603, 9.25427 ], [ -73.12434, 9.23448 ], [ -73.17617, 9.19094 ], [ -73.21224, 9.17345 ], [ -73.37782, 9.16469 ], [ -73.39115, 9.17277 ], [ -73.39084, 9.1945 ], [ -73.37911, 9.21388 ], [ -73.34216, 9.23918 ], [ -73.31177, 9.27623 ], [ -73.27741, 9.36181 ], [ -73.19741, 9.47867 ], [ -73.17845, 9.52304 ], [ -73.10765, 9.578 ], [ -73.07189, 9.66409 ], [ -72.98554, 9.81217 ], [ -72.97763, 9.83806 ], [ -72.99696, 9.90071 ], [ -72.98771, 9.99942 ], [ -72.93562, 10.17519 ], [ -72.9149, 10.4329 ], [ -72.90756, 10.45246 ], [ -72.86141, 10.50809 ], [ -72.84302, 10.5606 ], [ -72.78142, 10.63132 ], [ -72.75439, 10.67485 ], [ -72.70613, 10.81125 ], [ -72.68297, 10.85562 ], [ -72.5945, 10.93298 ], [ -72.57647, 10.95737 ], [ -72.54205, 11.04108 ], [ -72.50748, 11.08299 ], [ -72.49932, 11.1208 ], [ -72.48149, 11.13253 ], [ -72.417, 11.13762 ], [ -72.34134, 11.16211 ], [ -72.28465, 11.15046 ], [ -72.26708, 11.1549 ], [ -71.99061, 11.64906 ], [ -71.97108, 11.66192 ], [ -71.44946, 11.79546 ], [ -71.40967, 11.8123 ], [ -71.35763, 11.8508 ], [ -71.32751, 11.85 ], [ -71.29882, 11.92023 ], [ -71.25414, 11.93696 ], [ -71.234, 11.95889 ], [ -71.13809, 12.01581 ], [ -71.11368, 12.05239 ], [ -71.10749, 12.07494 ], [ -71.11388, 12.09439 ], [ -71.15172, 12.1496 ], [ -71.15844, 12.1767 ], [ -71.21906, 12.27827 ], [ -71.22716, 12.30541 ], [ -71.26183, 12.34186 ], [ -71.29516, 12.35847 ], [ -71.36124, 12.37446 ], [ -71.39025, 12.3933 ], [ -71.43908, 12.39619 ], [ -71.5113, 12.44326 ], [ -71.60416, 12.44721 ], [ -71.67561, 12.46833 ], [ -71.71573, 12.45352 ], [ -71.74079, 12.41991 ], [ -71.73453, 12.41372 ], [ -71.68615, 12.45466 ], [ -71.69359, 12.42739 ], [ -71.68008, 12.43838 ], [ -71.6588, 12.44038 ], [ -71.67911, 12.41698 ], [ -71.66877, 12.41372 ], [ -71.63093, 12.42739 ], [ -71.64074, 12.41596 ], [ -71.69164, 12.39338 ], [ -71.69677, 12.38813 ], [ -71.68545, 12.38272 ], [ -71.69359, 12.3653 ], [ -71.71984, 12.39598 ], [ -71.71345, 12.41372 ], [ -71.73253, 12.41022 ], [ -71.75182, 12.39081 ], [ -71.74079, 12.38573 ], [ -71.75109, 12.35619 ], [ -71.78173, 12.33796 ], [ -71.80321, 12.33588 ], [ -71.80285, 12.32368 ], [ -71.82287, 12.31981 ], [ -71.84313, 12.33808 ], [ -71.84008, 12.35171 ], [ -71.80907, 12.37214 ], [ -71.82909, 12.37621 ], [ -71.84439, 12.3653 ], [ -71.87125, 12.36262 ], [ -71.87792, 12.34479 ], [ -71.96052, 12.2827 ], [ -71.94685, 12.26903 ], [ -71.93065, 12.28189 ], [ -71.90526, 12.2827 ], [ -71.87108, 12.25605 ], [ -71.87833, 12.24604 ], [ -71.86364, 12.21784 ], [ -71.86803, 12.20824 ], [ -71.91442, 12.20279 ], [ -71.93761, 12.16645 ], [ -71.96727, 12.15302 ], [ -71.98485, 12.16096 ], [ -72.00015, 12.18622 ], [ -72.01513, 12.194 ], [ -71.97354, 12.23656 ], [ -71.96963, 12.25511 ], [ -72.00487, 12.26288 ], [ -72.10753, 12.24502 ], [ -72.13866, 12.25605 ], [ -72.17052, 12.23428 ], [ -72.17276, 12.22126 ], [ -72.14542, 12.20083 ], [ -72.13866, 12.10456 ], [ -72.21373, 11.97484 ], [ -72.23217, 11.91975 ], [ -72.26305, 11.88597 ], [ -72.31615, 11.86498 ], [ -72.35961, 11.83397 ], [ -72.392, 11.82612 ], [ -72.43346, 11.79609 ], [ -72.51163, 11.78925 ], [ -72.57746, 11.75605 ], [ -72.59797, 11.76195 ], [ -72.64391, 11.7333 ], [ -72.74132, 11.70795 ], [ -72.93399, 11.55679 ], [ -73.05484, 11.49396 ], [ -73.11189, 11.44042 ], [ -73.14525, 11.42552 ], [ -73.17903, 11.38862 ], [ -73.19567, 11.38158 ], [ -73.21496, 11.34894 ], [ -73.29239, 11.29401 ], [ -73.4025, 11.27725 ], [ -73.5924, 11.27704 ], [ -73.70515, 11.26826 ], [ -73.82604, 11.27676 ], [ -73.89778, 11.30768 ], [ -73.95104, 11.3203 ], [ -74.00463, 11.35529 ], [ -74.03799, 11.35639 ], [ -74.04971, 11.34365 ], [ -74.06542, 11.35175 ], [ -74.08385, 11.33063 ], [ -74.11242, 11.3579 ], [ -74.11242, 11.33739 ], [ -74.12609, 11.34365 ], [ -74.13907, 11.32372 ], [ -74.1459, 11.34365 ], [ -74.15339, 11.34365 ], [ -74.15184, 11.31973 ], [ -74.18749, 11.31696 ], [ -74.20177, 11.28205 ], [ -74.23363, 11.24116 ], [ -74.22851, 11.21768 ], [ -74.24218, 11.20026 ], [ -74.22851, 11.16275 ], [ -74.23595, 11.12515 ], [ -74.21491, 11.08698 ], [ -74.28043, 10.98973 ], [ -74.29735, 10.92935 ], [ -74.33092, 10.87189 ], [ -74.33092, 10.83714 ], [ -74.36217, 10.7757 ], [ -74.39509, 10.7495 ], [ -74.45661, 10.74803 ], [ -74.46569, 10.75967 ], [ -74.47712, 10.82758 ], [ -74.48965, 10.84105 ], [ -74.50963, 10.84455 ], [ -74.50617, 10.83348 ], [ -74.5233, 10.80296 ], [ -74.51561, 10.77823 ], [ -74.49543, 10.78193 ], [ -74.49966, 10.76472 ], [ -74.51232, 10.75601 ], [ -74.54381, 10.76203 ], [ -74.54381, 10.80923 ], [ -74.5609, 10.81342 ], [ -74.56428, 10.83096 ], [ -74.58462, 10.78685 ], [ -74.59846, 10.78193 ], [ -74.60635, 10.80366 ], [ -74.59699, 10.86782 ], [ -74.58137, 10.88809 ], [ -74.54337, 10.88142 ], [ -74.53637, 10.87189 ], [ -74.52501, 10.88345 ], [ -74.48176, 10.85082 ], [ -74.51745, 10.92666 ], [ -74.50503, 10.94392 ], [ -74.50284, 10.97431 ], [ -74.49157, 10.97948 ], [ -74.36181, 10.97167 ], [ -74.31241, 10.98094 ], [ -74.29783, 10.9915 ], [ -74.40347, 10.98286 ], [ -74.52295, 10.99592 ], [ -74.64542, 11.03309 ], [ -74.84437, 11.10967 ], [ -74.85034, 11.10343 ], [ -74.84534, 11.06213 ], [ -74.86151, 11.04883 ], [ -74.92357, 11.04567 ], [ -74.92572, 11.02858 ], [ -74.96281, 10.99489 ], [ -75.02359, 10.97431 ], [ -75.03596, 10.91669 ], [ -75.04955, 10.90119 ], [ -75.10798, 10.88044 ], [ -75.17138, 10.83881 ], [ -75.21569, 10.82661 ], [ -75.23168, 10.80732 ], [ -75.2674, 10.79531 ], [ -75.27554, 10.77778 ], [ -75.27001, 10.7591 ], [ -75.2495, 10.74775 ], [ -75.22964, 10.76826 ], [ -75.22224, 10.73469 ], [ -75.2495, 10.70677 ], [ -75.26277, 10.72028 ], [ -75.25829, 10.73713 ], [ -75.27961, 10.74274 ], [ -75.30728, 10.70954 ], [ -75.4038, 10.68012 ], [ -75.42418, 10.6433 ], [ -75.46182, 10.63105 ], [ -75.45495, 10.61123 ], [ -75.46386, 10.60273 ], [ -75.5196, 10.57648 ], [ -75.52453, 10.56708 ], [ -75.50447, 10.55158 ], [ -75.51024, 10.50821 ], [ -75.48913, 10.50137 ], [ -75.49328, 10.43464 ], [ -75.5065, 10.4256 ], [ -75.52221, 10.43293 ], [ -75.50276, 10.48774 ], [ -75.5655, 10.43305 ], [ -75.57848, 10.39834 ], [ -75.55114, 10.41942 ], [ -75.53917, 10.3863 ], [ -75.52383, 10.39151 ], [ -75.5157, 10.319 ], [ -75.56338, 10.2871 ], [ -75.58381, 10.28238 ], [ -75.59215, 10.30272 ], [ -75.59935, 10.28563 ], [ -75.59215, 10.26862 ], [ -75.6151, 10.26952 ], [ -75.61632, 10.23753 ], [ -75.63085, 10.21345 ], [ -75.64644, 10.19351 ], [ -75.68892, 10.16797 ], [ -75.70358, 10.13443 ], [ -75.68488, 10.13152 ], [ -75.64379, 10.15438 ], [ -75.604, 10.19612 ], [ -75.53067, 10.24067 ], [ -75.54088, 10.18854 ], [ -75.5655, 10.14448 ], [ -75.58936, 10.12826 ], [ -75.57385, 10.07396 ], [ -75.57619, 10.04185 ], [ -75.59367, 9.94399 ], [ -75.62364, 9.86135 ], [ -75.62286, 9.83836 ], [ -75.63995, 9.78326 ], [ -75.64925, 9.75647 ], [ -75.70514, 9.70066 ], [ -75.70281, 9.69072 ], [ -75.67797, 9.70448 ], [ -75.65779, 9.70523 ], [ -75.63374, 9.68916 ], [ -75.61803, 9.68928 ], [ -75.58721, 9.64862 ], [ -75.57637, 9.62109 ], [ -75.57717, 9.56221 ], [ -75.59658, 9.49875 ], [ -75.62063, 9.45285 ], [ -75.67261, 9.40999 ], [ -75.73925, 9.42573 ], [ -75.76203, 9.42182 ], [ -75.81188, 9.39155 ], [ -75.82486, 9.41205 ], [ -75.83886, 9.40485 ], [ -75.85285, 9.41205 ], [ -75.82673, 9.42601 ], [ -75.79821, 9.4182 ], [ -75.79809, 9.43037 ], [ -75.81102, 9.44355 ], [ -75.90998, 9.42817 ], [ -75.92134, 9.43837 ], [ -75.9438, 9.44073 ], [ -75.95328, 9.4023 ], [ -76.00529, 9.36624 ], [ -76.0961, 9.3332 ], [ -76.11083, 9.31216 ], [ -76.11693, 9.26581 ], [ -76.16812, 9.24698 ], [ -76.19262, 9.13491 ], [ -76.25495, 9.07079 ], [ -76.265, 9.04218 ], [ -76.25626, 9.00739 ], [ -76.30126, 8.96979 ], [ -76.31554, 8.94774 ], [ -76.36612, 8.92544 ], [ -76.42687, 8.91055 ], [ -76.43554, 8.90257 ], [ -76.42821, 8.88447 ], [ -76.5028, 8.8288 ], [ -76.54686, 8.78457 ], [ -76.64733, 8.7473 ], [ -76.64049, 8.73363 ], [ -76.64875, 8.72801 ], [ -76.66023, 8.68745 ], [ -76.89371, 8.62035 ], [ -76.94717, 8.54548 ], [ -76.93529, 8.53437 ], [ -76.93529, 8.54182 ], [ -76.90648, 8.53864 ], [ -76.83861, 8.50043 ], [ -76.81859, 8.47915 ], [ -76.80207, 8.43016 ], [ -76.77481, 8.41669 ], [ -76.77017, 8.25849 ], [ -76.74791, 8.17154 ], [ -76.75919, 8.11469 ], [ -76.75036, 8.07567 ], [ -76.74413, 8.07567 ], [ -76.74413, 8.10301 ], [ -76.732, 8.07929 ], [ -76.73062, 8.05134 ], [ -76.73668, 7.98973 ], [ -76.7482, 7.97028 ], [ -76.74714, 7.9405 ], [ -76.75723, 7.92357 ], [ -76.79133, 7.9112 ], [ -76.85359, 7.91275 ], [ -76.90705, 7.92951 ], [ -76.93371, 7.96459 ], [ -76.91539, 8.02106 ], [ -76.9217, 8.02729 ], [ -76.9077, 8.04409 ], [ -76.88439, 8.04633 ], [ -76.83226, 8.02729 ], [ -76.86644, 8.062 ], [ -76.8391, 8.05463 ], [ -76.83707, 8.06249 ], [ -76.86022, 8.07567 ], [ -76.86022, 8.08251 ], [ -76.82543, 8.09553 ], [ -76.82543, 8.10301 ], [ -76.84655, 8.09553 ], [ -76.83226, 8.13654 ], [ -76.89371, 8.13654 ], [ -76.89574, 8.11725 ], [ -76.91832, 8.11392 ], [ -76.94253, 8.12885 ], [ -76.94896, 8.1645 ], [ -76.92854, 8.15766 ], [ -76.91759, 8.18895 ], [ -76.9217, 8.1992 ], [ -76.93529, 8.18496 ], [ -76.93529, 8.20539 ], [ -76.95084, 8.19709 ], [ -76.96312, 8.20368 ], [ -76.97008, 8.24641 ], [ -76.95641, 8.24018 ], [ -76.96203, 8.26655 ], [ -76.97012, 8.26675 ], [ -76.97631, 8.25385 ], [ -77.03156, 8.26 ], [ -77.05281, 8.27631 ], [ -77.14444, 8.42109 ], [ -77.20962, 8.45185 ], [ -77.27473, 8.49579 ], [ -77.29882, 8.57429 ], [ -77.34138, 8.63247 ], [ -77.35167, 8.66934 ], [ -77.36669, 8.67841 ], [ -77.37494, 8.65095 ], [ -77.434, 8.62826 ], [ -77.42909, 8.59263 ], [ -77.44113, 8.56767 ], [ -77.48036, 8.5262 ], [ -77.48873, 8.47364 ], [ -77.47968, 8.46786 ], [ -77.44961, 8.47065 ], [ -77.42232, 8.45641 ], [ -77.39127, 8.39355 ], [ -77.37437, 8.28931 ], [ -77.36321, 8.27208 ], [ -77.32435, 8.2612 ], [ -77.3169, 8.25084 ], [ -77.23107, 8.09873 ], [ -77.2012, 7.98199 ], [ -77.16327, 7.93926 ], [ -77.23613, 7.92923 ], [ -77.30042, 7.9021 ], [ -77.32161, 7.88102 ], [ -77.34719, 7.82381 ], [ -77.3799, 7.77441 ], [ -77.33974, 7.70723 ], [ -77.3691, 7.68077 ], [ -77.50935, 7.59411 ], [ -77.57999, 7.52838 ], [ -77.60267, 7.52605 ], [ -77.61332, 7.53747 ], [ -77.62546, 7.58744 ], [ -77.66076, 7.63804 ], [ -77.67481, 7.64465 ], [ -77.67022, 7.65995 ], [ -77.67993, 7.67095 ], [ -77.74024, 7.71886 ], [ -77.76422, 7.70573 ], [ -77.77052, 7.66899 ], [ -77.76582, 7.62646 ], [ -77.73125, 7.53034 ], [ -77.75512, 7.48611 ], [ -77.79631, 7.47128 ], [ -77.82018, 7.47655 ], [ -77.89584, 7.2351 ], [ -77.84708, 7.19807 ], [ -77.85391, 7.19184 ], [ -77.83959, 7.18724 ], [ -77.82559, 7.16279 ], [ -77.78694, 7.14887 ], [ -77.69628, 7.04719 ], [ -77.68883, 7.04719 ], [ -77.70311, 7.07453 ], [ -77.69628, 7.07453 ], [ -77.66503, 7.01557 ], [ -77.65274, 6.97663 ], [ -77.66466, 6.95905 ], [ -77.69221, 6.94725 ], [ -77.70132, 6.91836 ], [ -77.69628, 6.84919 ], [ -77.68737, 6.85399 ], [ -77.68261, 6.87592 ], [ -77.67105, 6.87971 ], [ -77.62182, 6.85594 ], [ -77.59325, 6.82811 ], [ -77.53181, 6.71206 ], [ -77.53799, 6.66364 ], [ -77.51065, 6.67109 ], [ -77.51749, 6.68476 ], [ -77.50569, 6.70014 ], [ -77.48615, 6.71507 ], [ -77.46264, 6.72069 ], [ -77.41124, 6.69379 ], [ -77.41511, 6.6363 ], [ -77.35302, 6.58173 ], [ -77.34537, 6.56611 ], [ -77.34752, 6.52155 ], [ -77.36046, 6.50658 ], [ -77.36579, 6.47004 ], [ -77.38097, 6.44453 ], [ -77.35993, 6.41918 ], [ -77.36046, 6.38988 ], [ -77.37352, 6.4042 ], [ -77.39647, 6.39582 ], [ -77.39928, 6.38764 ], [ -77.37792, 6.35179 ], [ -77.38097, 6.30052 ], [ -77.39489, 6.26358 ], [ -77.41511, 6.23908 ], [ -77.47655, 6.30052 ], [ -77.48339, 6.29434 ], [ -77.4757, 6.28156 ], [ -77.48436, 6.18879 ], [ -77.46972, 6.15648 ], [ -77.3828, 6.04263 ], [ -77.36669, 5.99893 ], [ -77.36046, 5.99893 ], [ -77.36046, 6.02619 ], [ -77.35302, 6.02619 ], [ -77.31347, 5.9184 ], [ -77.31273, 5.89643 ], [ -77.26159, 5.8225 ], [ -77.24645, 5.78734 ], [ -77.24592, 5.7342 ], [ -77.26114, 5.70091 ], [ -77.2943, 5.67695 ], [ -77.30167, 5.66254 ], [ -77.31892, 5.66303 ], [ -77.31892, 5.64256 ], [ -77.33316, 5.6153 ], [ -77.35562, 5.6079 ], [ -77.40486, 5.62836 ], [ -77.4195, 5.62568 ], [ -77.44982, 5.60163 ], [ -77.49083, 5.59479 ], [ -77.52623, 5.53018 ], [ -77.55687, 5.51191 ], [ -77.55919, 5.50308 ], [ -77.55224, 5.49185 ], [ -77.52269, 5.49555 ], [ -77.51065, 5.48493 ], [ -77.50133, 5.50243 ], [ -77.46215, 5.50104 ], [ -77.43562, 5.47134 ], [ -77.40827, 5.4645 ], [ -77.39533, 5.41869 ], [ -77.38097, 5.40302 ], [ -77.39342, 5.39594 ], [ -77.40827, 5.40302 ], [ -77.40856, 5.38618 ], [ -77.39574, 5.37035 ], [ -77.38097, 5.37507 ], [ -77.37304, 5.31566 ], [ -77.3592, 5.29731 ], [ -77.36059, 5.25349 ], [ -77.34618, 5.24478 ], [ -77.37287, 5.14916 ], [ -77.36669, 4.99893 ], [ -77.34862, 4.85419 ], [ -77.34, 4.81338 ], [ -77.31892, 4.82087 ], [ -77.31216, 4.78718 ], [ -77.26976, 4.73607 ], [ -77.25805, 4.70409 ], [ -77.2858, 4.73701 ], [ -77.30333, 4.74921 ], [ -77.32575, 4.75251 ], [ -77.31884, 4.70966 ], [ -77.29499, 4.69733 ], [ -77.29162, 4.68207 ], [ -77.29898, 4.65571 ], [ -77.31892, 4.68366 ], [ -77.31957, 4.54662 ], [ -77.33316, 4.47138 ], [ -77.31273, 4.47818 ], [ -77.31273, 4.47138 ], [ -77.33511, 4.46092 ], [ -77.34508, 4.44554 ], [ -77.359, 4.38719 ], [ -77.3872, 4.34724 ], [ -77.33654, 4.26874 ], [ -77.23632, 4.26533 ], [ -77.26496, 4.22875 ], [ -77.29898, 4.20319 ], [ -77.31981, 4.20083 ], [ -77.34805, 4.22468 ], [ -77.36962, 4.21393 ], [ -77.37755, 4.19359 ], [ -77.41511, 4.19017 ], [ -77.42667, 4.18037 ], [ -77.43517, 4.15522 ], [ -77.43114, 4.09439 ], [ -77.40827, 4.0456 ], [ -77.43041, 4.04401 ], [ -77.43517, 4.02936 ], [ -77.42504, 4.00458 ], [ -77.37352, 3.96426 ], [ -77.37979, 3.95002 ], [ -77.37466, 3.93643 ], [ -77.36213, 3.92805 ], [ -77.34618, 3.92951 ], [ -77.33971, 3.96442 ], [ -77.31892, 4.00654 ], [ -77.31892, 4.05305 ], [ -77.29898, 4.0456 ], [ -77.29377, 4.055 ], [ -77.29898, 4.06733 ], [ -77.28161, 4.07355 ], [ -77.26427, 4.06733 ], [ -77.25853, 4.08763 ], [ -77.26427, 4.10822 ], [ -77.22492, 4.07697 ], [ -77.20962, 4.08031 ], [ -77.20474, 4.0681 ], [ -77.1892, 4.06733 ], [ -77.24376, 3.97728 ], [ -77.20962, 3.98408 ], [ -77.20962, 3.97728 ], [ -77.27172, 3.96426 ], [ -77.26, 3.97541 ], [ -77.27042, 3.9864 ], [ -77.28478, 3.98408 ], [ -77.3002, 3.96914 ], [ -77.31176, 3.90843 ], [ -77.27172, 3.8854 ], [ -77.29162, 3.86058 ], [ -77.25316, 3.84081 ], [ -77.18114, 3.85297 ], [ -77.12304, 3.88614 ], [ -77.12645, 3.92951 ], [ -77.07934, 3.92206 ], [ -77.09301, 3.909 ], [ -77.03156, 3.92206 ], [ -77.03156, 3.91584 ], [ -77.06859, 3.86774 ], [ -77.11449, 3.85261 ], [ -77.10562, 3.81346 ], [ -77.12027, 3.79914 ], [ -77.12149, 3.81635 ], [ -77.13394, 3.82709 ], [ -77.15038, 3.81367 ], [ -77.15148, 3.80044 ], [ -77.12645, 3.77871 ], [ -77.14444, 3.75959 ], [ -77.17492, 3.75821 ], [ -77.16344, 3.74535 ], [ -77.13537, 3.7425 ], [ -77.12564, 3.73355 ], [ -77.16739, 3.73794 ], [ -77.19542, 3.75821 ], [ -77.20295, 3.72549 ], [ -77.19872, 3.71003 ], [ -77.18541, 3.7036 ], [ -77.12645, 3.71723 ], [ -77.13573, 3.70441 ], [ -77.17492, 3.69269 ], [ -77.17081, 3.67719 ], [ -77.13394, 3.68305 ], [ -77.11828, 3.67805 ], [ -77.16955, 3.65225 ], [ -77.1892, 3.66258 ], [ -77.2049, 3.62124 ], [ -77.22716, 3.59101 ], [ -77.20962, 3.58063 ], [ -77.24861, 3.57152 ], [ -77.24376, 3.5869 ], [ -77.28478, 3.58063 ], [ -77.27794, 3.56639 ], [ -77.29898, 3.55899 ], [ -77.27794, 3.54588 ], [ -77.32177, 3.54784 ], [ -77.32575, 3.53221 ], [ -77.28905, 3.53807 ], [ -77.27489, 3.53278 ], [ -77.27794, 3.51797 ], [ -77.29101, 3.52367 ], [ -77.29898, 3.51179 ], [ -77.27172, 3.50495 ], [ -77.28478, 3.4975 ], [ -77.26944, 3.48794 ], [ -77.26427, 3.47085 ], [ -77.28283, 3.48517 ], [ -77.31615, 3.48037 ], [ -77.31273, 3.51179 ], [ -77.33316, 3.51179 ], [ -77.32628, 3.49067 ], [ -77.34618, 3.43602 ], [ -77.33316, 3.41181 ], [ -77.34268, 3.41205 ], [ -77.35302, 3.42984 ], [ -77.36705, 3.40209 ], [ -77.36563, 3.38565 ], [ -77.31892, 3.31997 ], [ -77.34374, 3.32941 ], [ -77.38097, 3.38764 ], [ -77.40486, 3.36717 ], [ -77.45739, 3.35615 ], [ -77.47655, 3.33364 ], [ -77.47766, 3.31315 ], [ -77.46486, 3.30163 ], [ -77.50524, 3.28249 ], [ -77.54179, 3.24608 ], [ -77.5386, 3.23712 ], [ -77.5008, 3.24476 ], [ -77.47968, 3.22746 ], [ -77.50182, 3.22337 ], [ -77.50866, 3.19457 ], [ -77.52512, 3.20135 ], [ -77.53963, 3.19684 ], [ -77.57143, 3.13808 ], [ -77.64771, 3.07385 ], [ -77.72179, 2.982 ], [ -77.72354, 2.96992 ], [ -77.68883, 2.99726 ], [ -77.68541, 2.98591 ], [ -77.66544, 2.98456 ], [ -77.65465, 2.99103 ], [ -77.65465, 3.00471 ], [ -77.64977, 2.99555 ], [ -77.6339, 2.99486 ], [ -77.62316, 2.98184 ], [ -77.64171, 2.95624 ], [ -77.62393, 2.94798 ], [ -77.6197, 2.93159 ], [ -77.64338, 2.89814 ], [ -77.68261, 2.92731 ], [ -77.69628, 2.92894 ], [ -77.71007, 2.91812 ], [ -77.71569, 2.89753 ], [ -77.70934, 2.86066 ], [ -77.6577, 2.8769 ], [ -77.63606, 2.86961 ], [ -77.64171, 2.84638 ], [ -77.66832, 2.8675 ], [ -77.68025, 2.85366 ], [ -77.72354, 2.84016 ], [ -77.73542, 2.8225 ], [ -77.6986, 2.81314 ], [ -77.68883, 2.79173 ], [ -77.69628, 2.79173 ], [ -77.70934, 2.81224 ], [ -77.76456, 2.81566 ], [ -77.78576, 2.79483 ], [ -77.77074, 2.78559 ], [ -77.74551, 2.79316 ], [ -77.73355, 2.78612 ], [ -77.79479, 2.75727 ], [ -77.81237, 2.76447 ], [ -77.81176, 2.74848 ], [ -77.7987, 2.74396 ], [ -77.8063, 2.72553 ], [ -77.79247, 2.7167 ], [ -77.7976, 2.69872 ], [ -77.77819, 2.6894 ], [ -77.77819, 2.68187 ], [ -77.7987, 2.68187 ], [ -77.7987, 2.67573 ], [ -77.76891, 2.65717 ], [ -77.75154, 2.62726 ], [ -77.76041, 2.59162 ], [ -77.77794, 2.5777 ], [ -77.83967, 2.56586 ], [ -77.90429, 2.57998 ], [ -77.90543, 2.59821 ], [ -77.88805, 2.63471 ], [ -77.91759, 2.63227 ], [ -77.94984, 2.67452 ], [ -77.96928, 2.67637 ], [ -78.00449, 2.65511 ], [ -78.06372, 2.65421 ], [ -78.0739, 2.64682 ], [ -78.0961, 2.65145 ], [ -78.10536, 2.6422 ], [ -78.08136, 2.57749 ], [ -78.08528, 2.51606 ], [ -78.13248, 2.49274 ], [ -78.1844, 2.5152 ], [ -78.20775, 2.53734 ], [ -78.23492, 2.59332 ], [ -78.22843, 2.6155 ], [ -78.24693, 2.6636 ], [ -78.27008, 2.63495 ], [ -78.27101, 2.60444 ], [ -78.25475, 2.5419 ], [ -78.2775, 2.54251 ], [ -78.3136, 2.59708 ], [ -78.33397, 2.64705 ], [ -78.34602, 2.64799 ], [ -78.41089, 2.59533 ], [ -78.43222, 2.58703 ], [ -78.50646, 2.49087 ], [ -78.52505, 2.49551 ], [ -78.55899, 2.38154 ], [ -78.56627, 2.41551 ], [ -78.55899, 2.44916 ], [ -78.57409, 2.43317 ], [ -78.64538, 2.27827 ], [ -78.6723, 2.26719 ], [ -78.70316, 2.18981 ], [ -78.70055, 2.14674 ], [ -78.67068, 2.03099 ], [ -78.66561, 1.98292 ], [ -78.65824, 1.97499 ], [ -78.64747, 1.98064 ], [ -78.62902, 2.02534 ], [ -78.60802, 2.02798 ], [ -78.58633, 2.00039 ], [ -78.59821, 1.92857 ], [ -78.59137, 1.89684 ], [ -78.5715, 1.89681 ], [ -78.54835, 1.92061 ], [ -78.5454, 1.91474 ], [ -78.55407, 1.87621 ], [ -78.5463, 1.85988 ], [ -78.55333, 1.83441 ], [ -78.56673, 1.81977 ], [ -78.57123, 1.78221 ], [ -78.59097, 1.78348 ], [ -78.61264, 1.80131 ], [ -78.69726, 1.81208 ], [ -78.75945, 1.83055 ], [ -78.79939, 1.83202 ], [ -78.84605, 1.82159 ], [ -78.92644, 1.74118 ], [ -78.95584, 1.69218 ], [ -78.97348, 1.67553 ], [ -79.00877, 1.66476 ], [ -79.02151, 1.63831 ], [ -78.99798, 1.60794 ], [ -78.91812, 1.56431 ], [ -78.8996, 1.54533 ], [ -78.86071, 1.5585 ], [ -78.85334, 1.54336 ], [ -78.85448, 1.49018 ], [ -78.81957, 1.4597 ], [ -78.81286, 1.4418 ] ] ], [ [ [ -78.09728, 2.57217 ], [ -78.13142, 2.62726 ], [ -78.1317, 2.64619 ], [ -78.14509, 2.67375 ], [ -78.16592, 2.68552 ], [ -78.18768, 2.67829 ], [ -78.20489, 2.68734 ], [ -78.21487, 2.68191 ], [ -78.2167, 2.67015 ], [ -78.19497, 2.63214 ], [ -78.21642, 2.59687 ], [ -78.20702, 2.57534 ], [ -78.15758, 2.51813 ], [ -78.13443, 2.50438 ], [ -78.10729, 2.51252 ], [ -78.09618, 2.54003 ], [ -78.09728, 2.57217 ] ] ], [ [ [ -77.85049, 2.63813 ], [ -77.90233, 2.69623 ], [ -77.91637, 2.69721 ], [ -77.91405, 2.65868 ], [ -77.8675, 2.63984 ], [ -77.86718, 2.62718 ], [ -77.88805, 2.60741 ], [ -77.88069, 2.6 ], [ -77.88805, 2.59382 ], [ -77.83991, 2.57734 ], [ -77.80842, 2.5786 ], [ -77.78502, 2.59382 ], [ -77.85049, 2.63813 ] ] ], [ [ [ -77.75414, 2.61799 ], [ -77.80614, 2.66205 ], [ -77.8192, 2.69623 ], [ -77.84708, 2.72411 ], [ -77.8601, 2.70987 ], [ -77.88256, 2.7246 ], [ -77.88069, 2.69623 ], [ -77.84708, 2.64838 ], [ -77.80175, 2.61396 ], [ -77.77587, 2.60102 ], [ -77.7591, 2.60309 ], [ -77.75414, 2.61799 ] ] ], [ [ [ -77.33243, 4.25503 ], [ -77.35302, 4.26533 ], [ -77.38614, 4.31464 ], [ -77.42813, 4.34101 ], [ -77.43562, 4.32734 ], [ -77.41511, 4.3205 ], [ -77.44937, 4.30126 ], [ -77.45202, 4.29169 ], [ -77.42813, 4.28579 ], [ -77.46288, 4.28579 ], [ -77.43562, 4.25849 ], [ -77.49966, 4.26097 ], [ -77.54426, 4.23163 ], [ -77.54955, 4.20478 ], [ -77.54548, 4.19636 ], [ -77.50451, 4.21064 ], [ -77.48168, 4.23444 ], [ -77.4663, 4.23737 ], [ -77.38158, 4.23163 ], [ -77.33316, 4.24482 ], [ -77.30297, 4.2176 ], [ -77.27172, 4.25849 ], [ -77.33243, 4.25503 ] ] ], [ [ [ -81.7198, 12.54316 ], [ -81.7115, 12.52294 ], [ -81.7237, 12.51154 ], [ -81.7174, 12.50243 ], [ -81.70474, 12.50446 ], [ -81.68639, 12.58006 ], [ -81.69103, 12.59125 ], [ -81.71695, 12.56322 ], [ -81.7198, 12.54316 ] ] ], [ [ [ -81.38614, 13.34146 ], [ -81.38264, 13.31916 ], [ -81.35216, 13.33417 ], [ -81.3463, 13.3487 ], [ -81.35139, 13.3662 ], [ -81.36535, 13.37397 ], [ -81.37873, 13.3627 ], [ -81.38614, 13.34146 ] ] ], [ [ [ -81.61465, 3.96918 ], [ -81.61172, 3.95897 ], [ -81.58031, 3.97602 ], [ -81.58226, 3.99152 ], [ -81.60143, 3.98835 ], [ -81.61465, 3.96918 ] ] ], [ [ [ -78.16427, 3.0016 ], [ -78.18661, 2.99037 ], [ -78.20442, 2.94573 ], [ -78.22029, 2.94387 ], [ -78.22029, 2.93362 ], [ -78.19322, 2.93362 ], [ -78.16709, 2.9597 ], [ -78.16427, 3.0016 ] ] ], [ [ [ -75.57583, 10.37787 ], [ -75.59581, 10.34754 ], [ -75.59066, 10.31904 ], [ -75.58229, 10.31903 ], [ -75.5675, 10.34372 ], [ -75.54626, 10.33927 ], [ -75.53532, 10.35065 ], [ -75.53789, 10.36267 ], [ -75.57583, 10.37787 ] ] ], [ [ [ -80.08943, 13.57685 ], [ -80.09089, 13.57803 ], [ -80.0904, 13.57661 ], [ -80.08943, 13.57685 ] ] ] ] } },
{ "type": "Feature", "properties": { "code": "ECU", "name": "Ecuador" }, "geometry": { "type": "MultiPolygon", "coordinates": [ [ [ [ -78.76997, 1.3941 ], [ -78.82868, 1.43431 ], [ -78.83235, 1.38133 ], [ -78.8697, 1.34414 ], [ -78.88195, 1.31928 ], [ -78.87499, 1.30524 ], [ -78.82014, 1.29173 ], [ -78.81286, 1.27729 ], [ -78.85505, 1.29165 ], [ -78.87169, 1.28897 ], [ -78.88801, 1.27045 ], [ -78.89265, 1.24478 ], [ -78.90168, 1.23631 ], [ -78.91979, 1.23066 ], [ -78.92894, 1.24315 ], [ -78.95458, 1.20734 ], [ -78.96215, 1.14468 ], [ -78.99169, 1.1197 ], [ -79.00048, 1.17231 ], [ -79.01305, 1.19278 ], [ -79.05724, 1.21752 ], [ -79.07185, 1.20954 ], [ -79.14733, 1.10956 ], [ -79.16576, 1.0998 ], [ -79.24816, 1.08027 ], [ -79.27221, 1.09296 ], [ -79.36465, 1.07246 ], [ -79.43505, 1.07803 ], [ -79.45653, 1.07246 ], [ -79.52448, 1.01044 ], [ -79.57177, 0.98371 ], [ -79.61486, 0.99608 ], [ -79.63268, 0.98603 ], [ -79.64143, 0.97199 ], [ -79.6483, 0.90742 ], [ -79.63121, 0.89012 ], [ -79.61486, 0.84528 ], [ -79.67007, 0.92162 ], [ -79.64997, 0.9842 ], [ -79.65575, 1.00361 ], [ -79.68196, 0.98493 ], [ -79.76561, 0.95515 ], [ -79.79296, 0.92162 ], [ -79.86217, 0.87641 ], [ -79.94677, 0.8548 ], [ -79.98131, 0.83222 ], [ -80.01448, 0.82929 ], [ -80.04621, 0.83967 ], [ -80.07584, 0.81615 ], [ -80.09728, 0.78034 ], [ -80.10863, 0.7381 ], [ -80.10827, 0.69505 ], [ -80.09032, 0.65217 ], [ -80.05944, 0.64468 ], [ -80.03637, 0.62523 ], [ -80.01696, 0.55891 ], [ -80.01891, 0.53803 ], [ -80.04337, 0.50121 ], [ -80.04357, 0.45893 ], [ -79.99096, 0.36546 ], [ -80.00524, 0.32453 ], [ -80.01268, 0.32453 ], [ -80.02111, 0.34691 ], [ -80.03653, 0.35708 ], [ -80.04849, 0.3183 ], [ -80.03698, 0.17597 ], [ -80.05135, 0.08999 ], [ -80.06646, 0.05221 ], [ -80.09878, 0.03921 ], [ -80.1079, 0.00707 ], [ -80.23185, -0.1397 ], [ -80.30535, -0.18937 ], [ -80.3237, -0.17317 ], [ -80.34966, -0.21526 ], [ -80.37123, -0.22283 ], [ -80.39135, -0.27435 ], [ -80.43272, -0.33919 ], [ -80.46516, -0.36525 ], [ -80.48565, -0.36722 ], [ -80.49646, -0.38137 ], [ -80.4846, -0.42359 ], [ -80.45206, -0.47674 ], [ -80.43713, -0.55754 ], [ -80.41556, -0.57375 ], [ -80.39174, -0.62549 ], [ -80.3777, -0.63628 ], [ -80.299, -0.65036 ], [ -80.29901, -0.66223 ], [ -80.3788, -0.65789 ], [ -80.40582, -0.64603 ], [ -80.41984, -0.62551 ], [ -80.42199, -0.5996 ], [ -80.44897, -0.60606 ], [ -80.46247, -0.61793 ], [ -80.49756, -0.69244 ], [ -80.51591, -0.74209 ], [ -80.54721, -0.88849 ], [ -80.56988, -0.91224 ], [ -80.61632, -0.94141 ], [ -80.64332, -0.9371 ], [ -80.65304, -0.92306 ], [ -80.69087, -0.94959 ], [ -80.72437, -0.93989 ], [ -80.72225, -0.93113 ], [ -80.74602, -0.93977 ], [ -80.76117, -0.93655 ], [ -80.7882, -0.95062 ], [ -80.81637, -0.94634 ], [ -80.90961, -1.04492 ], [ -80.91618, -1.06552 ], [ -80.88215, -1.14577 ], [ -80.83359, -1.23123 ], [ -80.74426, -1.34377 ], [ -80.74266, -1.36816 ], [ -80.76002, -1.3766 ], [ -80.76429, -1.39089 ], [ -80.75978, -1.41386 ], [ -80.77086, -1.47783 ], [ -80.79962, -1.4808 ], [ -80.82055, -1.49993 ], [ -80.81649, -1.55225 ], [ -80.85155, -1.57692 ], [ -80.85558, -1.58831 ], [ -80.84952, -1.61582 ], [ -80.78213, -1.73699 ], [ -80.76057, -1.79755 ], [ -80.73021, -1.92938 ], [ -80.73319, -1.95377 ], [ -80.75808, -1.96346 ], [ -80.76252, -1.97389 ], [ -80.73745, -2.0435 ], [ -80.74498, -2.10291 ], [ -80.7807, -2.14284 ], [ -80.81966, -2.16227 ], [ -80.87057, -2.2033 ], [ -80.93129, -2.21733 ], [ -80.94933, -2.18621 ], [ -80.9921, -2.1762 ], [ -81.00121, -2.16448 ], [ -81.01301, -2.16692 ], [ -81.00206, -2.19362 ], [ -80.965, -2.22332 ], [ -80.9348, -2.26092 ], [ -80.91364, -2.31878 ], [ -80.86392, -2.32928 ], [ -80.80346, -2.37477 ], [ -80.75052, -2.39236 ], [ -80.71805, -2.39126 ], [ -80.65665, -2.41579 ], [ -80.57409, -2.49285 ], [ -80.46788, -2.61793 ], [ -80.4298, -2.64235 ], [ -80.39631, -2.64918 ], [ -80.32055, -2.71063 ], [ -80.25548, -2.73024 ], [ -80.24543, -2.72112 ], [ -80.24503, -2.68816 ], [ -80.27961, -2.64918 ], [ -80.27961, -2.61256 ], [ -80.27001, -2.60508 ], [ -80.2318, -2.62868 ], [ -80.20759, -2.60076 ], [ -80.17512, -2.58668 ], [ -80.07604, -2.4577 ], [ -80.03287, -2.34637 ], [ -80.01268, -2.32643 ], [ -79.98314, -2.32708 ], [ -79.95002, -2.30722 ], [ -79.97794, -2.34743 ], [ -80.00894, -2.35882 ], [ -80.03576, -2.43792 ], [ -80.03995, -2.45989 ], [ -80.03433, -2.47389 ], [ -79.97794, -2.45672 ], [ -79.94083, -2.48398 ], [ -79.93635, -2.46299 ], [ -79.92968, -2.48414 ], [ -79.94376, -2.4983 ], [ -79.95495, -2.49765 ], [ -79.97484, -2.47723 ], [ -80.00178, -2.48016 ], [ -80.02571, -2.52508 ], [ -80.06892, -2.5608 ], [ -80.06359, -2.57724 ], [ -80.04369, -2.58945 ], [ -80.01431, -2.58978 ], [ -79.9984, -2.60817 ], [ -79.93322, -2.58025 ], [ -79.89611, -2.54339 ], [ -79.87857, -2.49188 ], [ -79.86303, -2.29713 ], [ -79.86531, -2.26678 ], [ -79.89574, -2.2138 ], [ -79.90184, -2.18483 ], [ -79.89196, -2.1159 ], [ -79.87434, -2.07537 ], [ -79.83458, -2.07 ], [ -79.83137, -2.04355 ], [ -79.76561, -2.00498 ], [ -79.77286, -2.02663 ], [ -79.8059, -2.04518 ], [ -79.81835, -2.07985 ], [ -79.84642, -2.09173 ], [ -79.86189, -2.10801 ], [ -79.85412, -2.12029 ], [ -79.86864, -2.1609 ], [ -79.83983, -2.20957 ], [ -79.84756, -2.24505 ], [ -79.83947, -2.37705 ], [ -79.78954, -2.48105 ], [ -79.74503, -2.49017 ], [ -79.73152, -2.52508 ], [ -79.72643, -2.59385 ], [ -79.77644, -2.65944 ], [ -79.80138, -2.74098 ], [ -79.83458, -2.80682 ], [ -79.88121, -2.96543 ], [ -79.88484, -2.98805 ], [ -79.87487, -3.00547 ], [ -79.93334, -3.11541 ], [ -79.9532, -3.19744 ], [ -80.00894, -3.24188 ], [ -80.03995, -3.27988 ], [ -80.03287, -3.23211 ], [ -80.03751, -3.20827 ], [ -80.05989, -3.20403 ], [ -80.10827, -3.29681 ], [ -80.13557, -3.32757 ], [ -80.17317, -3.32757 ], [ -80.2591, -3.34808 ], [ -80.28645, -3.32073 ], [ -80.30232, -3.36679 ], [ -80.31432, -3.37607 ], [ -80.32055, -3.35556 ], [ -80.30687, -3.32073 ], [ -80.32763, -3.36053 ], [ -80.34105, -3.36858 ], [ -80.34073, -3.3935 ], [ -80.26566, -3.4264 ], [ -80.27163, -3.48552 ], [ -80.24908, -3.49792 ], [ -80.24029, -3.51405 ], [ -80.24998, -3.57771 ], [ -80.225, -3.59187 ], [ -80.21639, -3.63156 ], [ -80.22494, -3.68065 ], [ -80.21686, -3.72695 ], [ -80.22631, -3.74928 ], [ -80.19272, -3.82163 ], [ -80.18877, -3.8577 ], [ -80.16505, -3.8795 ], [ -80.16526, -3.89005 ], [ -80.18115, -3.90793 ], [ -80.25908, -3.94369 ], [ -80.30463, -4.00518 ], [ -80.32551, -4.01541 ], [ -80.38646, -3.98895 ], [ -80.42746, -3.98131 ], [ -80.46614, -3.98813 ], [ -80.49198, -4.0149 ], [ -80.51407, -4.08342 ], [ -80.48718, -4.13127 ], [ -80.49077, -4.169 ], [ -80.46961, -4.21323 ], [ -80.43472, -4.21695 ], [ -80.34527, -4.19845 ], [ -80.48854, -4.39596 ], [ -80.49229, -4.41301 ], [ -80.46997, -4.44608 ], [ -80.4085, -4.4775 ], [ -80.38287, -4.47626 ], [ -80.25541, -4.38676 ], [ -80.23967, -4.36981 ], [ -80.22195, -4.31896 ], [ -80.20505, -4.29819 ], [ -80.14025, -4.2831 ], [ -80.13386, -4.29395 ], [ -80.07966, -4.30904 ], [ -80.02927, -4.35968 ], [ -79.98201, -4.38862 ], [ -79.90408, -4.39865 ], [ -79.83287, -4.47895 ], [ -79.79574, -4.48474 ], [ -79.72859, -4.46407 ], [ -79.69412, -4.4436 ], [ -79.65798, -4.43875 ], [ -79.63033, -4.45249 ], [ -79.55777, -4.51657 ], [ -79.52754, -4.51967 ], [ -79.50721, -4.53156 ], [ -79.50413, -4.55564 ], [ -79.52718, -4.59657 ], [ -79.52785, -4.61806 ], [ -79.49871, -4.66064 ], [ -79.48721, -4.71997 ], [ -79.46104, -4.76917 ], [ -79.45057, -4.8102 ], [ -79.39533, -4.84761 ], [ -79.37807, -4.88482 ], [ -79.34104, -4.90425 ], [ -79.30322, -4.96125 ], [ -79.28027, -4.96734 ], [ -79.20932, -4.96476 ], [ -79.14085, -4.98326 ], [ -79.10416, -4.98006 ], [ -79.06393, -5.01137 ], [ -79.00928, -4.96011 ], [ -78.98034, -4.87396 ], [ -78.91081, -4.86353 ], [ -78.90022, -4.84368 ], [ -78.92789, -4.77485 ], [ -78.92861, -4.74746 ], [ -78.89864, -4.69423 ], [ -78.85306, -4.65227 ], [ -78.71971, -4.59223 ], [ -78.68168, -4.56711 ], [ -78.67266, -4.55099 ], [ -78.66979, -4.49342 ], [ -78.6399, -4.45125 ], [ -78.63721, -4.43513 ], [ -78.66098, -4.42066 ], [ -78.67315, -4.40154 ], [ -78.68243, -4.32692 ], [ -78.67413, -4.30594 ], [ -78.65574, -4.29064 ], [ -78.63757, -4.22739 ], [ -78.57662, -4.10006 ], [ -78.56592, -4.05572 ], [ -78.56207, -3.97976 ], [ -78.55189, -3.96921 ], [ -78.49763, -3.94958 ], [ -78.48068, -3.84953 ], [ -78.47037, -3.8302 ], [ -78.41968, -3.79103 ], [ -78.41358, -3.77181 ], [ -78.42585, -3.68944 ], [ -78.40074, -3.67983 ], [ -78.40239, -3.59435 ], [ -78.36294, -3.48873 ], [ -78.3547, -3.43457 ], [ -78.36172, -3.40852 ], [ -78.35079, -3.38961 ], [ -78.31302, -3.38744 ], [ -78.25718, -3.40956 ], [ -78.22631, -3.50702 ], [ -78.16373, -3.47725 ], [ -78.15453, -3.45679 ], [ -78.15665, -3.4293 ], [ -78.19651, -3.38558 ], [ -78.19641, -3.36367 ], [ -78.14817, -3.32243 ], [ -78.10492, -3.24543 ], [ -78.04254, -3.18993 ], [ -77.94147, -3.05454 ], [ -77.86783, -2.99026 ], [ -76.68459, -2.57364 ], [ -76.62527, -2.53767 ], [ -76.09124, -2.12891 ], [ -75.65148, -1.6167 ], [ -75.57303, -1.53732 ], [ -75.4064, -0.91514 ], [ -75.34873, -0.97498 ], [ -75.22726, -0.96981 ], [ -75.25207, -0.93343 ], [ -75.25261, -0.89788 ], [ -75.29703, -0.74698 ], [ -75.28814, -0.70626 ], [ -75.29398, -0.66792 ], [ -75.25558, -0.6243 ], [ -75.2607, -0.54348 ], [ -75.27204, -0.5257 ], [ -75.29098, -0.52798 ], [ -75.30429, -0.5071 ], [ -75.34736, -0.47093 ], [ -75.37565, -0.467 ], [ -75.40563, -0.4424 ], [ -75.43423, -0.40302 ], [ -75.45273, -0.36065 ], [ -75.48477, -0.24768 ], [ -75.49619, -0.23311 ], [ -75.5459, -0.20975 ], [ -75.57897, -0.18268 ], [ -75.61957, -0.18092 ], [ -75.64321, -0.12883 ], [ -75.6376, -0.11146 ], [ -75.623, -0.10661 ], [ -75.57117, -0.1217 ], [ -75.53926, -0.12004 ], [ -75.45526, -0.16118 ], [ -75.4295, -0.16366 ], [ -75.40258, -0.14578 ], [ -75.33075, -0.14464 ], [ -75.28349, -0.10702 ], [ -75.36545, -0.07281 ], [ -75.42141, -0.06217 ], [ -75.46492, -0.03974 ], [ -75.52311, -0.00398 ], [ -75.57014, 0.03798 ], [ -75.59825, 0.05039 ], [ -75.62677, 0.07891 ], [ -75.64667, 0.08542 ], [ -75.75385, 0.07302 ], [ -75.81787, 0.1001 ], [ -75.95197, 0.20397 ], [ -75.97249, 0.25192 ], [ -76.05347, 0.36354 ], [ -76.11956, 0.35176 ], [ -76.1363, 0.39672 ], [ -76.22374, 0.40675 ], [ -76.26291, 0.42804 ], [ -76.30048, 0.46163 ], [ -76.33495, 0.44168 ], [ -76.36539, 0.40695 ], [ -76.41639, 0.40189 ], [ -76.41835, 0.32086 ], [ -76.40802, 0.25451 ], [ -76.42569, 0.24273 ], [ -76.52491, 0.23125 ], [ -76.56543, 0.21606 ], [ -76.58434, 0.22257 ], [ -76.62687, 0.25854 ], [ -76.72454, 0.27756 ], [ -76.73689, 0.2729 ], [ -76.73436, 0.23311 ], [ -76.79787, 0.24996 ], [ -76.88246, 0.24014 ], [ -76.94587, 0.28706 ], [ -77.04462, 0.30567 ], [ -77.08286, 0.34887 ], [ -77.11743, 0.35755 ], [ -77.20694, 0.33419 ], [ -77.25613, 0.35321 ], [ -77.39747, 0.38763 ], [ -77.42439, 0.4083 ], [ -77.43473, 0.43382 ], [ -77.44816, 0.49728 ], [ -77.45457, 0.60239 ], [ -77.46806, 0.65087 ], [ -77.50935, 0.6612 ], [ -77.54335, 0.65645 ], [ -77.57983, 0.67092 ], [ -77.64557, 0.71629 ], [ -77.6668, 0.74771 ], [ -77.67332, 0.81964 ], [ -77.70319, 0.8431 ], [ -77.72789, 0.84331 ], [ -77.80762, 0.81303 ], [ -77.84798, 0.80925 ], [ -77.90322, 0.8321 ], [ -77.90855, 0.86419 ], [ -77.91826, 0.87442 ], [ -77.93904, 0.87256 ], [ -78.00704, 0.89819 ], [ -78.07794, 0.90077 ], [ -78.12001, 0.92124 ], [ -78.25015, 1.01963 ], [ -78.34922, 1.0558 ], [ -78.4852, 1.19264 ], [ -78.5406, 1.20535 ], [ -78.57006, 1.19585 ], [ -78.59662, 1.23409 ], [ -78.60215, 1.26364 ], [ -78.64127, 1.25941 ], [ -78.66468, 1.26664 ], [ -78.68429, 1.28189 ], [ -78.71948, 1.34106 ], [ -78.76997, 1.3941 ] ] ], [ [ [ -80.01452, -2.66424 ], [ -80.05989, -2.66277 ], [ -80.21068, -2.72487 ], [ -80.2622, -2.84085 ], [ -80.27185, -2.99641 ], [ -80.26594, -3.01849 ], [ -80.20372, -3.03411 ], [ -80.16682, -3.01735 ], [ -80.13103, -3.02092 ], [ -80.09376, -2.96927 ], [ -80.09437, -2.94586 ], [ -80.06493, -2.92424 ], [ -79.99519, -2.79803 ], [ -79.97794, -2.77581 ], [ -79.92764, -2.75416 ], [ -79.90722, -2.73235 ], [ -79.90282, -2.71746 ], [ -79.94579, -2.70664 ], [ -80.01452, -2.66424 ] ] ], [ [ [ -78.89444, 1.31265 ], [ -78.90168, 1.37417 ], [ -78.98078, 1.30834 ], [ -78.99543, 1.28681 ], [ -78.9921, 1.2683 ], [ -78.9569, 1.23631 ], [ -78.93639, 1.25682 ], [ -78.91251, 1.24527 ], [ -78.89928, 1.27143 ], [ -78.89444, 1.31265 ] ] ], [ [ [ -79.80901, -2.51168 ], [ -79.81964, -2.48591 ], [ -79.84694, -2.53444 ], [ -79.8818, -2.62694 ], [ -79.87724, -2.64968 ], [ -79.85751, -2.65119 ], [ -79.83324, -2.63602 ], [ -79.8287, -2.59205 ], [ -79.79381, -2.57384 ], [ -79.77257, -2.54199 ], [ -79.78472, -2.52077 ], [ -79.80901, -2.51168 ] ] ] ] } },
{ "type": "Feature", "properties": { "code": "PAN", "name": "Panamá" }, "geometry": { "type": "MultiPolygon", "coordinates": [ [ [ [ -82.46565, 9.49396 ], [ -82.5736, 9.5762 ], [ -82.56284, 9.5387 ], [ -82.6011, 9.54867 ], [ -82.61239, 9.4995 ], [ -82.61885, 9.48671 ], [ -82.63213, 9.48467 ], [ -82.67805, 9.49777 ], [ -82.71169, 9.545 ], [ -82.72936, 9.5449 ], [ -82.77109, 9.57986 ], [ -82.82902, 9.60272 ], [ -82.84747, 9.60066 ], [ -82.86605, 9.58507 ], [ -82.87925, 9.55991 ], [ -82.86021, 9.5112 ], [ -82.84478, 9.50069 ], [ -82.84639, 9.49255 ], [ -82.93331, 9.47033 ], [ -82.9417, 9.45635 ], [ -82.93938, 9.05958 ], [ -82.90023, 9.07206 ], [ -82.88243, 9.04534 ], [ -82.80817, 8.99837 ], [ -82.74913, 8.97408 ], [ -82.71936, 8.92152 ], [ -82.73386, 8.89799 ], [ -82.76378, 8.87995 ], [ -82.87858, 8.82977 ], [ -82.88832, 8.81693 ], [ -82.87563, 8.80753 ], [ -82.87579, 8.79391 ], [ -82.92297, 8.75616 ], [ -82.91922, 8.72707 ], [ -82.86222, 8.6557 ], [ -82.84186, 8.59948 ], [ -82.83597, 8.52976 ], [ -82.8483, 8.46517 ], [ -82.87041, 8.43812 ], [ -82.95351, 8.4021 ], [ -82.99777, 8.36016 ], [ -83.05211, 8.32763 ], [ -83.05325, 8.3151 ], [ -82.99552, 8.26482 ], [ -82.96801, 8.26797 ], [ -82.94367, 8.24857 ], [ -82.93909, 8.21684 ], [ -82.88641, 8.10219 ], [ -82.89763, 8.03475 ], [ -82.87694, 8.02387 ], [ -82.84923, 8.06204 ], [ -82.87283, 8.13589 ], [ -82.87719, 8.21906 ], [ -82.86246, 8.25406 ], [ -82.80871, 8.29568 ], [ -82.73803, 8.31745 ], [ -82.65892, 8.32278 ], [ -82.51171, 8.27643 ], [ -82.47086, 8.27713 ], [ -82.45202, 8.28115 ], [ -82.46561, 8.31525 ], [ -82.44701, 8.32355 ], [ -82.44103, 8.3487 ], [ -82.4309, 8.35627 ], [ -82.43029, 8.33816 ], [ -82.41723, 8.32278 ], [ -82.43533, 8.31611 ], [ -82.43326, 8.30435 ], [ -82.40014, 8.28799 ], [ -82.34276, 8.3085 ], [ -82.34891, 8.33576 ], [ -82.31395, 8.33084 ], [ -82.28006, 8.34321 ], [ -82.28441, 8.32221 ], [ -82.27709, 8.30927 ], [ -82.24246, 8.30105 ], [ -82.22545, 8.3395 ], [ -82.18444, 8.34321 ], [ -82.20865, 8.3321 ], [ -82.20495, 8.3085 ], [ -82.21178, 8.31525 ], [ -82.21878, 8.30435 ], [ -82.21178, 8.29483 ], [ -82.21654, 8.26423 ], [ -82.20495, 8.23334 ], [ -82.21923, 8.21906 ], [ -82.1879, 8.19925 ], [ -82.14346, 8.21292 ], [ -82.15538, 8.19318 ], [ -82.15652, 8.18496 ], [ -82.14757, 8.1883 ], [ -82.14721, 8.18093 ], [ -82.15652, 8.15766 ], [ -82.1503, 8.1645 ], [ -82.1424, 8.16006 ], [ -82.11559, 8.23334 ], [ -82.06029, 8.21027 ], [ -82.02786, 8.20828 ], [ -82.01317, 8.21906 ], [ -81.97838, 8.19253 ], [ -81.9567, 8.22101 ], [ -81.93118, 8.23334 ], [ -81.95181, 8.19143 ], [ -81.88537, 8.17329 ], [ -81.78038, 8.12348 ], [ -81.74625, 8.15766 ], [ -81.76065, 8.16958 ], [ -81.75247, 8.1918 ], [ -81.74625, 8.1918 ], [ -81.74344, 8.17316 ], [ -81.67736, 8.06826 ], [ -81.69103, 8.07571 ], [ -81.70946, 8.06863 ], [ -81.72574, 8.07571 ], [ -81.72574, 8.06826 ], [ -81.71036, 8.05984 ], [ -81.70836, 8.03132 ], [ -81.69787, 8.02106 ], [ -81.69103, 8.05463 ], [ -81.63329, 7.94587 ], [ -81.62259, 7.94794 ], [ -81.6289, 7.98184 ], [ -81.60912, 7.98635 ], [ -81.61587, 7.95218 ], [ -81.59545, 7.92487 ], [ -81.61295, 7.93142 ], [ -81.62271, 7.89008 ], [ -81.59988, 7.88504 ], [ -81.60912, 7.87027 ], [ -81.60159, 7.85598 ], [ -81.5819, 7.86249 ], [ -81.56749, 7.85598 ], [ -81.588, 7.80447 ], [ -81.56839, 7.77603 ], [ -81.57494, 7.7604 ], [ -81.54019, 7.73994 ], [ -81.53905, 7.75735 ], [ -81.52807, 7.76057 ], [ -81.48876, 7.74921 ], [ -81.52713, 7.72626 ], [ -81.52579, 7.71145 ], [ -81.47391, 7.69941 ], [ -81.4508, 7.70515 ], [ -81.4241, 7.67105 ], [ -81.39696, 7.67353 ], [ -81.29117, 7.65066 ], [ -81.27872, 7.64606 ], [ -81.2733, 7.63349 ], [ -81.21805, 7.60895 ], [ -81.19754, 7.63007 ], [ -81.19327, 7.70075 ], [ -81.19754, 7.71198 ], [ -81.23168, 7.69892 ], [ -81.24596, 7.71943 ], [ -81.23156, 7.71438 ], [ -81.21805, 7.71943 ], [ -81.24596, 7.75418 ], [ -81.21805, 7.75418 ], [ -81.22317, 7.7392 ], [ -81.21805, 7.72626 ], [ -81.17443, 7.76301 ], [ -81.1647, 7.78901 ], [ -81.18326, 7.82368 ], [ -81.17711, 7.84573 ], [ -81.2152, 7.871 ], [ -81.21764, 7.87897 ], [ -81.20438, 7.88333 ], [ -81.21805, 7.89753 ], [ -81.19994, 7.89362 ], [ -81.19241, 7.86335 ], [ -81.13305, 7.84231 ], [ -81.08768, 7.84231 ], [ -81.10818, 7.8771 ], [ -81.09044, 7.85786 ], [ -81.05358, 7.9112 ], [ -81.0559, 7.84939 ], [ -81.04886, 7.8227 ], [ -81.02005, 7.83552 ], [ -81.02127, 7.8227 ], [ -81.07811, 7.80134 ], [ -81.08609, 7.77912 ], [ -81.07669, 7.7648 ], [ -81.05358, 7.7604 ], [ -81.06102, 7.75418 ], [ -81.05484, 7.75003 ], [ -81.02623, 7.74673 ], [ -81.04332, 7.71198 ], [ -81.00577, 7.68533 ], [ -81.02782, 7.68618 ], [ -81.04129, 7.66169 ], [ -81.02005, 7.65054 ], [ -80.97167, 7.60273 ], [ -80.97912, 7.58906 ], [ -80.94632, 7.55569 ], [ -80.9547, 7.51691 ], [ -80.96691, 7.50991 ], [ -80.91507, 7.45466 ], [ -80.91019, 7.44168 ], [ -80.92117, 7.39204 ], [ -80.89566, 7.37661 ], [ -80.89159, 7.36017 ], [ -80.89599, 7.3284 ], [ -80.91637, 7.30793 ], [ -80.91601, 7.27814 ], [ -80.92972, 7.2565 ], [ -80.89444, 7.24343 ], [ -80.86181, 7.20572 ], [ -80.84813, 7.21914 ], [ -80.83108, 7.21137 ], [ -80.82079, 7.21914 ], [ -80.71312, 7.21646 ], [ -80.47448, 7.25332 ], [ -80.43725, 7.24649 ], [ -80.42418, 7.27375 ], [ -80.39883, 7.28665 ], [ -80.38712, 7.30805 ], [ -80.34756, 7.31826 ], [ -80.34439, 7.32742 ], [ -80.36148, 7.35574 ], [ -80.35757, 7.38203 ], [ -80.33096, 7.40119 ], [ -80.25906, 7.42463 ], [ -80.2659, 7.43081 ], [ -80.30687, 7.41779 ], [ -80.30687, 7.42463 ], [ -80.25906, 7.43826 ], [ -80.21068, 7.41779 ], [ -80.19852, 7.42471 ], [ -80.13553, 7.42463 ], [ -80.06497, 7.451 ], [ -80.01785, 7.45681 ], [ -79.99466, 7.50344 ], [ -79.99352, 7.52277 ], [ -80.0524, 7.63711 ], [ -80.14379, 7.75275 ], [ -80.30004, 7.88333 ], [ -80.34887, 7.98928 ], [ -80.44717, 8.02729 ], [ -80.46817, 8.07486 ], [ -80.48441, 8.08255 ], [ -80.47484, 8.10647 ], [ -80.47818, 8.20234 ], [ -80.47024, 8.22065 ], [ -80.38878, 8.29483 ], [ -80.38577, 8.31135 ], [ -80.37576, 8.31525 ], [ -80.38073, 8.31037 ], [ -80.37466, 8.30337 ], [ -80.33422, 8.28799 ], [ -80.30004, 8.30105 ], [ -80.27274, 8.29483 ], [ -80.22496, 8.30105 ], [ -80.08088, 8.37177 ], [ -79.9702, 8.44408 ], [ -79.92675, 8.49339 ], [ -79.87487, 8.5207 ], [ -79.86412, 8.55236 ], [ -79.7744, 8.57955 ], [ -79.6969, 8.64889 ], [ -79.70209, 8.65732 ], [ -79.77961, 8.61841 ], [ -79.81369, 8.62606 ], [ -79.82631, 8.63852 ], [ -79.79296, 8.65107 ], [ -79.79101, 8.66323 ], [ -79.76195, 8.67471 ], [ -79.74682, 8.69794 ], [ -79.73835, 8.72281 ], [ -79.75202, 8.73676 ], [ -79.75202, 8.81558 ], [ -79.73021, 8.84431 ], [ -79.71394, 8.85261 ], [ -79.69677, 8.84968 ], [ -79.7036, 8.87018 ], [ -79.65575, 8.85712 ], [ -79.6612, 8.87523 ], [ -79.64684, 8.88264 ], [ -79.60119, 8.89069 ], [ -79.57848, 8.88227 ], [ -79.56387, 8.89277 ], [ -79.55919, 8.91429 ], [ -79.5664, 8.93911 ], [ -79.56017, 8.9453 ], [ -79.5664, 8.95954 ], [ -79.56017, 8.95954 ], [ -79.54113, 8.92329 ], [ -79.51183, 8.89814 ], [ -79.53287, 8.93911 ], [ -79.52221, 8.94229 ], [ -79.5192, 8.96638 ], [ -79.49108, 8.98347 ], [ -79.482, 8.99836 ], [ -79.42748, 9.01337 ], [ -79.40933, 9.00739 ], [ -79.38683, 9.01887 ], [ -79.33031, 9.01341 ], [ -79.30573, 9.02098 ], [ -79.30573, 9.01415 ], [ -79.27335, 9.01927 ], [ -79.19298, 9.00519 ], [ -79.17601, 9.01073 ], [ -79.17349, 9.02253 ], [ -79.16234, 9.00739 ], [ -79.11608, 8.99413 ], [ -79.08723, 9.03531 ], [ -79.09, 9.05638 ], [ -79.11457, 9.06879 ], [ -79.11905, 9.0832 ], [ -79.0878, 9.09203 ], [ -79.05248, 9.13085 ], [ -79.04263, 9.13109 ], [ -79.02892, 9.1166 ], [ -79.00528, 9.13833 ], [ -78.97737, 9.14517 ], [ -79.0277, 9.11103 ], [ -79.05248, 9.12401 ], [ -79.06989, 9.09333 ], [ -79.10774, 9.08308 ], [ -79.10774, 9.07563 ], [ -79.08886, 9.0738 ], [ -79.08088, 9.06281 ], [ -79.07982, 9.02473 ], [ -79.08849, 9.0041 ], [ -79.083, 8.98884 ], [ -79.05761, 8.97101 ], [ -79.00528, 8.95954 ], [ -78.87389, 8.89118 ], [ -78.85757, 8.83979 ], [ -78.838, 8.81696 ], [ -78.82787, 8.81314 ], [ -78.79646, 8.82347 ], [ -78.79015, 8.83356 ], [ -78.79988, 8.86335 ], [ -78.77245, 8.83356 ], [ -78.75764, 8.82925 ], [ -78.76513, 8.81558 ], [ -78.74938, 8.80183 ], [ -78.7294, 8.75934 ], [ -78.70987, 8.7473 ], [ -78.6822, 8.74775 ], [ -78.65152, 8.70795 ], [ -78.63476, 8.72622 ], [ -78.61974, 8.72354 ], [ -78.62169, 8.7746 ], [ -78.61425, 8.7746 ], [ -78.60839, 8.73534 ], [ -78.61368, 8.71723 ], [ -78.62792, 8.70572 ], [ -78.61889, 8.68146 ], [ -78.60375, 8.66474 ], [ -78.55899, 8.67097 ], [ -78.56648, 8.65107 ], [ -78.50438, 8.63402 ], [ -78.50585, 8.59907 ], [ -78.48396, 8.576 ], [ -78.49592, 8.57075 ], [ -78.53173, 8.576 ], [ -78.48396, 8.50707 ], [ -78.49136, 8.47337 ], [ -78.4864, 8.44782 ], [ -78.47086, 8.42451 ], [ -78.45665, 8.45185 ], [ -78.44518, 8.42109 ], [ -78.44978, 8.39102 ], [ -78.41564, 8.35627 ], [ -78.38834, 8.33576 ], [ -78.36099, 8.39411 ], [ -78.36535, 8.41063 ], [ -78.3841, 8.42597 ], [ -78.41202, 8.5235 ], [ -78.40819, 8.54804 ], [ -78.40197, 8.54804 ], [ -78.40197, 8.52757 ], [ -78.38834, 8.53437 ], [ -78.39452, 8.5207 ], [ -78.36726, 8.42451 ], [ -78.33483, 8.44619 ], [ -78.31261, 8.48656 ], [ -78.29455, 8.44326 ], [ -78.27847, 8.44562 ], [ -78.25475, 8.48188 ], [ -78.25739, 8.50023 ], [ -78.24157, 8.49478 ], [ -78.24039, 8.4853 ], [ -78.26065, 8.46064 ], [ -78.25739, 8.45185 ], [ -78.23746, 8.43195 ], [ -78.22326, 8.43818 ], [ -78.23046, 8.45645 ], [ -78.21642, 8.50023 ], [ -78.2377, 8.52753 ], [ -78.2307, 8.54182 ], [ -78.22326, 8.54182 ], [ -78.2067, 8.48774 ], [ -78.20275, 8.42451 ], [ -78.21642, 8.43195 ], [ -78.24535, 8.41767 ], [ -78.25284, 8.39472 ], [ -78.24059, 8.38353 ], [ -78.18887, 8.40575 ], [ -78.17943, 8.44208 ], [ -78.15685, 8.46621 ], [ -78.13142, 8.45808 ], [ -78.09415, 8.41087 ], [ -78.08959, 8.4204 ], [ -78.10652, 8.47211 ], [ -78.10619, 8.50804 ], [ -78.1245, 8.51765 ], [ -78.13443, 8.56171 ], [ -78.12312, 8.55606 ], [ -78.114, 8.52757 ], [ -78.08812, 8.51276 ], [ -78.09854, 8.47578 ], [ -78.09415, 8.4593 ], [ -78.05191, 8.41767 ], [ -78.06705, 8.40274 ], [ -78.02318, 8.29047 ], [ -77.98428, 8.26752 ], [ -77.88069, 8.24331 ], [ -77.87059, 8.23579 ], [ -77.8192, 8.17129 ], [ -77.80187, 8.17438 ], [ -77.76513, 8.13007 ], [ -77.73721, 8.13032 ], [ -77.74641, 8.11636 ], [ -77.77815, 8.11579 ], [ -77.79727, 8.1577 ], [ -77.82925, 8.16279 ], [ -77.84508, 8.20258 ], [ -77.88598, 8.23469 ], [ -77.96255, 8.25385 ], [ -77.94473, 8.23054 ], [ -77.91539, 8.21906 ], [ -77.91539, 8.21288 ], [ -77.92907, 8.21288 ], [ -77.95352, 8.22378 ], [ -77.96129, 8.23802 ], [ -78.00255, 8.23701 ], [ -78.02489, 8.25971 ], [ -78.05101, 8.3225 ], [ -78.12084, 8.35627 ], [ -78.13248, 8.40534 ], [ -78.15559, 8.39411 ], [ -78.15754, 8.36555 ], [ -78.18293, 8.33576 ], [ -78.18293, 8.29792 ], [ -78.1997, 8.27436 ], [ -78.2307, 8.27436 ], [ -78.25739, 8.29483 ], [ -78.27164, 8.28115 ], [ -78.25739, 8.26 ], [ -78.27864, 8.25096 ], [ -78.30578, 8.25385 ], [ -78.23937, 8.17438 ], [ -78.23746, 8.15396 ], [ -78.25219, 8.1175 ], [ -78.28645, 8.08072 ], [ -78.32518, 8.06094 ], [ -78.35359, 8.07567 ], [ -78.38134, 8.06363 ], [ -78.39574, 8.06989 ], [ -78.4073, 8.1022 ], [ -78.41906, 8.0954 ], [ -78.43615, 8.05829 ], [ -78.41564, 8.01362 ], [ -78.41564, 7.98013 ], [ -78.39452, 7.91743 ], [ -78.32942, 7.84325 ], [ -78.31534, 7.79987 ], [ -78.27815, 7.73737 ], [ -78.29214, 7.69147 ], [ -78.27359, 7.68281 ], [ -78.27164, 7.66356 ], [ -78.2377, 7.64989 ], [ -78.20031, 7.60643 ], [ -78.19652, 7.5537 ], [ -78.19445, 7.57144 ], [ -78.1848, 7.57941 ], [ -78.17422, 7.57543 ], [ -78.16609, 7.51264 ], [ -78.16177, 7.52766 ], [ -78.15559, 7.52766 ], [ -78.14415, 7.49787 ], [ -78.12792, 7.48916 ], [ -78.11742, 7.46556 ], [ -78.06554, 7.41779 ], [ -78.04345, 7.42231 ], [ -78.03148, 7.40412 ], [ -78.03588, 7.39301 ], [ -78.01439, 7.39354 ], [ -78.01439, 7.34101 ], [ -77.91881, 7.24164 ], [ -77.89584, 7.2351 ], [ -77.82018, 7.47655 ], [ -77.79631, 7.47128 ], [ -77.75512, 7.48611 ], [ -77.73125, 7.53034 ], [ -77.76582, 7.62646 ], [ -77.77052, 7.66899 ], [ -77.76422, 7.70573 ], [ -77.74024, 7.71886 ], [ -77.67993, 7.67095 ], [ -77.67022, 7.65995 ], [ -77.67481, 7.64465 ], [ -77.66076, 7.63804 ], [ -77.62546, 7.58744 ], [ -77.61332, 7.53747 ], [ -77.60267, 7.52605 ], [ -77.57999, 7.52838 ], [ -77.50935, 7.59411 ], [ -77.3691, 7.68077 ], [ -77.33974, 7.70723 ], [ -77.3799, 7.77441 ], [ -77.34719, 7.82381 ], [ -77.32161, 7.88102 ], [ -77.30042, 7.9021 ], [ -77.23613, 7.92923 ], [ -77.16327, 7.93926 ], [ -77.2012, 7.98199 ], [ -77.23107, 8.09873 ], [ -77.3169, 8.25084 ], [ -77.32435, 8.2612 ], [ -77.36321, 8.27208 ], [ -77.37437, 8.28931 ], [ -77.39127, 8.39355 ], [ -77.42232, 8.45641 ], [ -77.44961, 8.47065 ], [ -77.47968, 8.46786 ], [ -77.48873, 8.47364 ], [ -77.48036, 8.5262 ], [ -77.44113, 8.56767 ], [ -77.42909, 8.59263 ], [ -77.434, 8.62826 ], [ -77.38538, 8.64363 ], [ -77.37494, 8.65095 ], [ -77.37352, 8.66474 ], [ -77.3946, 8.67841 ], [ -77.4132, 8.66669 ], [ -77.47696, 8.66991 ], [ -77.54475, 8.7146 ], [ -77.5351, 8.75774 ], [ -77.54369, 8.77489 ], [ -77.55362, 8.77676 ], [ -77.55934, 8.75971 ], [ -77.57787, 8.77503 ], [ -77.57407, 8.79275 ], [ -77.62906, 8.84447 ], [ -77.63174, 8.8299 ], [ -77.61433, 8.80874 ], [ -77.63345, 8.81745 ], [ -77.69552, 8.87332 ], [ -77.69674, 8.88743 ], [ -77.71032, 8.88128 ], [ -77.72077, 8.89229 ], [ -77.75421, 8.94566 ], [ -77.74442, 8.96358 ], [ -77.74755, 8.97256 ], [ -77.77074, 9.00397 ], [ -77.80817, 9.03533 ], [ -77.81187, 9.05804 ], [ -77.83919, 9.0765 ], [ -77.8601, 9.11042 ], [ -77.87766, 9.11889 ], [ -77.85574, 9.05429 ], [ -77.89015, 9.07721 ], [ -77.96866, 9.18061 ], [ -77.99926, 9.19082 ], [ -78.0369, 9.23639 ], [ -78.114, 9.25381 ], [ -78.14191, 9.27771 ], [ -78.17665, 9.29006 ], [ -78.20802, 9.29034 ], [ -78.33834, 9.35601 ], [ -78.37832, 9.36575 ], [ -78.45261, 9.40883 ], [ -78.46345, 9.40461 ], [ -78.47989, 9.416 ], [ -78.51282, 9.41599 ], [ -78.56132, 9.43804 ], [ -78.6039, 9.41639 ], [ -78.62003, 9.41883 ], [ -78.63326, 9.42873 ], [ -78.70166, 9.43426 ], [ -78.72822, 9.45498 ], [ -78.81784, 9.43108 ], [ -78.84724, 9.43308 ], [ -78.85254, 9.42375 ], [ -78.86488, 9.4224 ], [ -78.90331, 9.42292 ], [ -78.92462, 9.44423 ], [ -78.95259, 9.45466 ], [ -79.01389, 9.45118 ], [ -79.05806, 9.45793 ], [ -79.06586, 9.51372 ], [ -79.05487, 9.53196 ], [ -78.97451, 9.54474 ], [ -78.95736, 9.55403 ], [ -78.95731, 9.56528 ], [ -78.97058, 9.57331 ], [ -79.11604, 9.55189 ], [ -79.15627, 9.55496 ], [ -79.19376, 9.5396 ], [ -79.23971, 9.54552 ], [ -79.33605, 9.57436 ], [ -79.42984, 9.58954 ], [ -79.44457, 9.58381 ], [ -79.45653, 9.59638 ], [ -79.46398, 9.56908 ], [ -79.50499, 9.58332 ], [ -79.5192, 9.56908 ], [ -79.53287, 9.58332 ], [ -79.52245, 9.59528 ], [ -79.53287, 9.62434 ], [ -79.55097, 9.62929 ], [ -79.59624, 9.61152 ], [ -79.63034, 9.60847 ], [ -79.68216, 9.56453 ], [ -79.6765, 9.55842 ], [ -79.65648, 9.56496 ], [ -79.65166, 9.55969 ], [ -79.67737, 9.54561 ], [ -79.69063, 9.4958 ], [ -79.71465, 9.47984 ], [ -79.73152, 9.45303 ], [ -79.79296, 9.4182 ], [ -79.80272, 9.40058 ], [ -79.79296, 9.34935 ], [ -79.81862, 9.39103 ], [ -79.87121, 9.4042 ], [ -79.8804, 9.39464 ], [ -79.86803, 9.37726 ], [ -79.87487, 9.37108 ], [ -79.8817, 9.37726 ], [ -79.87487, 9.34317 ], [ -79.89468, 9.35643 ], [ -79.90905, 9.30842 ], [ -79.92943, 9.30414 ], [ -79.94376, 9.31586 ], [ -79.94376, 9.36359 ], [ -79.95373, 9.37343 ], [ -79.97894, 9.36335 ], [ -80.00082, 9.32052 ], [ -80.10082, 9.22232 ], [ -80.12971, 9.2062 ], [ -80.23493, 9.17927 ], [ -80.29259, 9.15135 ], [ -80.40832, 9.14226 ], [ -80.57934, 9.08069 ], [ -80.72683, 8.99722 ], [ -80.82242, 8.89069 ], [ -80.88172, 8.8857 ], [ -81.05358, 8.82241 ], [ -81.07071, 8.80683 ], [ -81.30446, 8.78188 ], [ -81.35798, 8.7851 ], [ -81.38155, 8.80012 ], [ -81.42151, 8.79643 ], [ -81.47347, 8.80659 ], [ -81.50329, 8.80096 ], [ -81.53905, 8.81293 ], [ -81.62755, 8.89912 ], [ -81.68749, 8.9842 ], [ -81.70645, 8.99917 ], [ -81.72117, 9.03202 ], [ -81.73689, 9.03693 ], [ -81.76197, 9.06375 ], [ -81.82088, 9.07065 ], [ -81.84187, 9.11042 ], [ -81.82421, 9.10545 ], [ -81.81456, 9.1166 ], [ -81.8828, 9.17951 ], [ -81.90331, 9.17927 ], [ -81.91031, 9.16812 ], [ -81.86238, 9.14175 ], [ -81.87287, 9.12954 ], [ -81.93741, 9.13833 ], [ -81.93342, 9.12922 ], [ -81.87706, 9.08731 ], [ -81.84187, 9.03531 ], [ -81.77424, 8.99746 ], [ -81.77554, 8.94025 ], [ -81.79345, 8.93163 ], [ -81.85228, 8.95832 ], [ -81.86734, 8.94929 ], [ -81.88964, 8.96638 ], [ -81.91246, 8.9711 ], [ -81.92374, 8.96638 ], [ -81.92077, 8.95515 ], [ -81.92943, 8.94383 ], [ -81.95857, 8.93163 ], [ -81.99771, 8.94746 ], [ -82.09781, 8.93061 ], [ -82.12902, 8.98139 ], [ -82.14175, 8.98896 ], [ -82.17764, 9.00056 ], [ -82.19469, 8.99095 ], [ -82.21882, 8.99335 ], [ -82.24303, 9.00446 ], [ -82.26016, 9.02098 ], [ -82.24596, 9.01415 ], [ -82.23908, 9.07933 ], [ -82.26846, 9.10236 ], [ -82.27383, 9.1166 ], [ -82.25341, 9.11042 ], [ -82.26378, 9.14655 ], [ -82.26073, 9.16405 ], [ -82.24962, 9.17182 ], [ -82.22411, 9.16966 ], [ -82.17764, 9.14517 ], [ -82.17081, 9.19977 ], [ -82.18444, 9.19294 ], [ -82.19811, 9.22028 ], [ -82.20495, 9.21345 ], [ -82.21251, 9.22004 ], [ -82.21923, 9.19636 ], [ -82.23107, 9.19375 ], [ -82.23908, 9.21345 ], [ -82.24596, 9.21345 ], [ -82.24446, 9.19758 ], [ -82.25548, 9.1826 ], [ -82.26643, 9.18549 ], [ -82.281, 9.21662 ], [ -82.2943, 9.22028 ], [ -82.28246, 9.20209 ], [ -82.30045, 9.19709 ], [ -82.30797, 9.18549 ], [ -82.35058, 9.20726 ], [ -82.36449, 9.24287 ], [ -82.39493, 9.26708 ], [ -82.3876, 9.28608 ], [ -82.36246, 9.28413 ], [ -82.34895, 9.29475 ], [ -82.34813, 9.30557 ], [ -82.37629, 9.33006 ], [ -82.37947, 9.34382 ], [ -82.3496, 9.40204 ], [ -82.34276, 9.43252 ], [ -82.36897, 9.41494 ], [ -82.40661, 9.43525 ], [ -82.46565, 9.49396 ] ] ], [ [ [ -81.76671, 7.28742 ], [ -81.80773, 7.28742 ], [ -81.81078, 7.29413 ], [ -81.81916, 7.28872 ], [ -81.81623, 7.27131 ], [ -81.80089, 7.22598 ], [ -81.79345, 7.22598 ], [ -81.80089, 7.239 ], [ -81.76671, 7.28742 ] ] ], [ [ [ -81.08772, 7.58161 ], [ -81.14916, 7.56118 ], [ -81.17439, 7.53144 ], [ -81.22273, 7.52106 ], [ -81.25194, 7.49042 ], [ -81.21809, 7.4997 ], [ -81.19074, 7.49348 ], [ -81.12926, 7.54531 ], [ -81.10985, 7.54706 ], [ -81.07502, 7.53535 ], [ -81.05285, 7.54462 ], [ -81.03307, 7.57543 ], [ -81.08772, 7.58161 ] ] ], [ [ [ -81.6525, 7.39102 ], [ -81.68444, 7.39501 ], [ -81.69473, 7.42398 ], [ -81.71898, 7.45254 ], [ -81.70836, 7.49348 ], [ -81.67052, 7.51024 ], [ -81.67178, 7.52635 ], [ -81.69103, 7.54068 ], [ -81.70531, 7.54068 ], [ -81.73884, 7.64427 ], [ -81.75251, 7.63687 ], [ -81.75251, 7.64427 ], [ -81.75992, 7.64427 ], [ -81.75251, 7.6164 ], [ -81.76037, 7.62018 ], [ -81.82445, 7.58535 ], [ -81.8487, 7.52021 ], [ -81.8828, 7.51679 ], [ -81.87511, 7.49042 ], [ -81.84187, 7.43081 ], [ -81.74625, 7.34886 ], [ -81.68423, 7.34138 ], [ -81.6494, 7.32152 ], [ -81.588, 7.33519 ], [ -81.62206, 7.39387 ], [ -81.6525, 7.39102 ] ] ], [ [ [ -82.25341, 8.20234 ], [ -82.21178, 8.1992 ], [ -82.22012, 8.21206 ], [ -82.27383, 8.23334 ], [ -82.31566, 8.21491 ], [ -82.30797, 8.1992 ], [ -82.27383, 8.1918 ], [ -82.24596, 8.17129 ], [ -82.25341, 8.20234 ] ] ], [ [ [ -82.31481, 8.24018 ], [ -82.34276, 8.26 ], [ -82.34276, 8.26752 ], [ -82.31721, 8.26756 ], [ -82.31652, 8.27733 ], [ -82.35001, 8.29365 ], [ -82.40193, 8.25715 ], [ -82.4309, 8.26 ], [ -82.41251, 8.23102 ], [ -82.38646, 8.21288 ], [ -82.31481, 8.24018 ] ] ], [ [ [ -79.083, 8.27419 ], [ -79.10037, 8.3174 ], [ -79.11243, 8.31741 ], [ -79.12941, 8.28724 ], [ -79.13056, 8.25669 ], [ -79.13697, 8.25744 ], [ -79.14, 8.2444 ], [ -79.12271, 8.20898 ], [ -79.10952, 8.21047 ], [ -79.10868, 8.22393 ], [ -79.09851, 8.22988 ], [ -79.10379, 8.25296 ], [ -79.06574, 8.26076 ], [ -79.083, 8.27419 ] ] ], [ [ [ -82.34313, 8.12336 ], [ -82.36205, 8.08686 ], [ -82.31823, 8.09992 ], [ -82.32071, 8.13032 ], [ -82.34313, 8.12336 ] ] ], [ [ [ -79.09284, 8.37718 ], [ -79.08439, 8.38249 ], [ -79.08244, 8.416 ], [ -79.08794, 8.41954 ], [ -79.09484, 8.40648 ], [ -79.11824, 8.42911 ], [ -79.1301, 8.40487 ], [ -79.09284, 8.37718 ] ] ], [ [ [ -82.08528, 9.30268 ], [ -82.15656, 9.34935 ], [ -82.17439, 9.34406 ], [ -82.201, 9.35619 ], [ -82.21178, 9.34935 ], [ -82.21178, 9.34317 ], [ -82.15933, 9.32315 ], [ -82.1503, 9.30219 ], [ -82.16397, 9.30842 ], [ -82.15026, 9.28726 ], [ -82.15441, 9.25837 ], [ -82.13882, 9.24531 ], [ -82.1302, 9.26826 ], [ -82.11417, 9.28327 ], [ -82.09398, 9.29125 ], [ -82.07462, 9.28852 ], [ -82.08528, 9.30268 ] ] ], [ [ [ -82.30167, 9.43232 ], [ -82.32848, 9.41205 ], [ -82.28075, 9.3747 ], [ -82.24596, 9.33006 ], [ -82.24014, 9.34195 ], [ -82.24596, 9.35684 ], [ -82.2318, 9.37336 ], [ -82.23876, 9.39875 ], [ -82.26643, 9.43936 ], [ -82.30167, 9.43232 ] ] ], [ [ [ -78.88993, 8.47414 ], [ -78.89542, 8.45185 ], [ -78.90878, 8.47004 ], [ -78.9491, 8.45279 ], [ -78.97092, 8.45845 ], [ -78.97471, 8.44437 ], [ -78.96122, 8.39032 ], [ -78.96991, 8.36989 ], [ -78.95478, 8.34651 ], [ -78.9699, 8.3051 ], [ -78.94004, 8.28259 ], [ -78.92845, 8.23567 ], [ -78.90399, 8.21922 ], [ -78.89757, 8.2289 ], [ -78.91114, 8.23415 ], [ -78.91299, 8.25388 ], [ -78.92278, 8.26545 ], [ -78.92048, 8.28257 ], [ -78.90133, 8.30897 ], [ -78.8964, 8.29743 ], [ -78.85802, 8.29584 ], [ -78.83448, 8.34281 ], [ -78.84796, 8.36861 ], [ -78.83551, 8.398 ], [ -78.84223, 8.41106 ], [ -78.85468, 8.41329 ], [ -78.86278, 8.45368 ], [ -78.88993, 8.47414 ] ] ], [ [ [ -79.55383, 8.80343 ], [ -79.57039, 8.79858 ], [ -79.56915, 8.78312 ], [ -79.54338, 8.77554 ], [ -79.54185, 8.78676 ], [ -79.55259, 8.79191 ], [ -79.55383, 8.80343 ] ] ], [ [ [ -81.54722, 9.10274 ], [ -81.57726, 9.10458 ], [ -81.57167, 9.0896 ], [ -81.53449, 9.08592 ], [ -81.54722, 9.10274 ] ] ], [ [ [ -82.05184, 9.18219 ], [ -82.04724, 9.17257 ], [ -82.05469, 9.1618 ], [ -82.05008, 9.14594 ], [ -82.02711, 9.13294 ], [ -82.01048, 9.14146 ], [ -82.02887, 9.16919 ], [ -82.05184, 9.18219 ] ] ] ] } },
{ "type": "Feature", "properties": { "code": "PER", "name": "Perú" }, "geometry": { "type": "MultiPolygon", "coordinates": [ [ [ [ -79.81569, -7.0 ], [ -73.78037, -7.0 ], [ -73.76771, -6.95926 ], [ -73.75942, -6.88743 ], [ -73.70679, -6.84961 ], [ -73.67196, -6.80072 ], [ -73.59388, -6.74398 ], [ -73.51321, -6.69778 ], [ -73.37068, -6.58389 ], [ -73.34919, -6.57645 ], [ -73.27849, -6.57572 ], [ -73.23359, -6.56404 ], [ -73.19896, -6.54565 ], [ -73.17147, -6.51743 ], [ -73.1478, -6.47619 ], [ -73.13178, -6.43526 ], [ -73.12698, -6.39134 ], [ -73.15571, -6.32271 ], [ -73.17767, -6.20241 ], [ -73.22599, -6.14794 ], [ -73.23529, -6.12366 ], [ -73.23478, -6.07756 ], [ -73.14, -5.8785 ], [ -73.10564, -5.84698 ], [ -73.00135, -5.7088 ], [ -72.97691, -5.65175 ], [ -72.96048, -5.55925 ], [ -72.9735, -5.46613 ], [ -72.93479, -5.37218 ], [ -72.92399, -5.31358 ], [ -72.89666, -5.27162 ], [ -72.90033, -5.19462 ], [ -72.92198, -5.14687 ], [ -72.91795, -5.13209 ], [ -72.85893, -5.11607 ], [ -72.85397, -5.0925 ], [ -72.83113, -5.09664 ], [ -72.77294, -5.08114 ], [ -72.74757, -5.05509 ], [ -72.70799, -5.06315 ], [ -72.64479, -5.06057 ], [ -72.61435, -5.00972 ], [ -72.5866, -4.9967 ], [ -72.54645, -4.95825 ], [ -72.49513, -4.94698 ], [ -72.47648, -4.90249 ], [ -72.4526, -4.89918 ], [ -72.41467, -4.87634 ], [ -72.40413, -4.86022 ], [ -72.39684, -4.80565 ], [ -72.38609, -4.79397 ], [ -72.3447, -4.7826 ], [ -72.33194, -4.76327 ], [ -72.2693, -4.76493 ], [ -72.25106, -4.75883 ], [ -72.10802, -4.66426 ], [ -72.07113, -4.60514 ], [ -72.03552, -4.61186 ], [ -72.00984, -4.5916 ], [ -71.98028, -4.5823 ], [ -71.90721, -4.51843 ], [ -71.80065, -4.50241 ], [ -71.78484, -4.4805 ], [ -71.74019, -4.49559 ], [ -71.69931, -4.48164 ], [ -71.66521, -4.50758 ], [ -71.64381, -4.50231 ], [ -71.61343, -4.47926 ], [ -71.61715, -4.50034 ], [ -71.57157, -4.48071 ], [ -71.5246, -4.48515 ], [ -71.50615, -4.44856 ], [ -71.47742, -4.44061 ], [ -71.38698, -4.43492 ], [ -71.36326, -4.45921 ], [ -71.33076, -4.43513 ], [ -71.31515, -4.43999 ], [ -71.30538, -4.42707 ], [ -71.30461, -4.39492 ], [ -71.28849, -4.38077 ], [ -71.26482, -4.37549 ], [ -71.24167, -4.38004 ], [ -71.21407, -4.41084 ], [ -71.18617, -4.37219 ], [ -71.16968, -4.36278 ], [ -71.15247, -4.39172 ], [ -71.1285, -4.40185 ], [ -71.10604, -4.37384 ], [ -71.08157, -4.36413 ], [ -71.02933, -4.38583 ], [ -71.00998, -4.36981 ], [ -71.00545, -4.34759 ], [ -70.96869, -4.38531 ], [ -70.89639, -4.29984 ], [ -70.87371, -4.25075 ], [ -70.84275, -4.23814 ], [ -70.84831, -4.20445 ], [ -70.83224, -4.17943 ], [ -70.77425, -4.15504 ], [ -70.69405, -4.1723 ], [ -70.66289, -4.12218 ], [ -70.64677, -4.11566 ], [ -70.63106, -4.11897 ], [ -70.63253, -4.16682 ], [ -70.58527, -4.19452 ], [ -70.56564, -4.14884 ], [ -70.54969, -4.14068 ], [ -70.53411, -4.14677 ], [ -70.52639, -4.17602 ], [ -70.51598, -4.18233 ], [ -70.46001, -4.1446 ], [ -70.42993, -4.13417 ], [ -70.39867, -4.14233 ], [ -70.36144, -4.16817 ], [ -70.34307, -4.13944 ], [ -70.33061, -4.14316 ], [ -70.3111, -4.17086 ], [ -70.31671, -4.24703 ], [ -70.25759, -4.29922 ], [ -70.23132, -4.30366 ], [ -70.20563, -4.34294 ], [ -70.18656, -4.3263 ], [ -70.15726, -4.27018 ], [ -70.13889, -4.26046 ], [ -70.09662, -4.26573 ], [ -70.08109, -4.30883 ], [ -70.05096, -4.33725 ], [ -70.0229, -4.33891 ], [ -69.98939, -4.31462 ], [ -69.96257, -4.26429 ], [ -69.96495, -4.23648 ], [ -69.99275, -4.18088 ], [ -70.0305, -4.13158 ], [ -70.0605, -4.10719 ], [ -70.16171, -4.05562 ], [ -70.1884, -4.02895 ], [ -70.21698, -3.92498 ], [ -70.27356, -3.85656 ], [ -70.3111, -3.82927 ], [ -70.34958, -3.81584 ], [ -70.37769, -3.81884 ], [ -70.43851, -3.86772 ], [ -70.46425, -3.87878 ], [ -70.49089, -3.87847 ], [ -70.54429, -3.86524 ], [ -70.69064, -3.7868 ], [ -70.73413, -3.78204 ], [ -70.05045, -2.7143 ], [ -70.0758, -2.69136 ], [ -70.09497, -2.63255 ], [ -70.10579, -2.62521 ], [ -70.15047, -2.66924 ], [ -70.15972, -2.66397 ], [ -70.16408, -2.63503 ], [ -70.18388, -2.61953 ], [ -70.21752, -2.63214 ], [ -70.23607, -2.62511 ], [ -70.27395, -2.54625 ], [ -70.29589, -2.5354 ], [ -70.33511, -2.554 ], [ -70.36462, -2.55762 ], [ -70.37635, -2.53261 ], [ -70.34963, -2.51835 ], [ -70.34493, -2.49664 ], [ -70.35754, -2.48693 ], [ -70.40025, -2.48486 ], [ -70.44526, -2.4985 ], [ -70.45699, -2.49271 ], [ -70.48445, -2.45251 ], [ -70.53773, -2.43587 ], [ -70.57861, -2.40549 ], [ -70.59607, -2.41654 ], [ -70.59863, -2.44662 ], [ -70.6476, -2.45075 ], [ -70.66372, -2.39825 ], [ -70.69904, -2.37014 ], [ -70.69906, -2.3411 ], [ -70.70658, -2.32828 ], [ -70.78787, -2.3074 ], [ -70.82236, -2.28477 ], [ -70.8742, -2.22958 ], [ -70.90456, -2.21108 ], [ -70.92525, -2.22028 ], [ -70.99272, -2.19744 ], [ -71.02145, -2.19671 ], [ -71.03199, -2.21077 ], [ -71.02062, -2.25893 ], [ -71.04142, -2.26534 ], [ -71.07912, -2.24756 ], [ -71.11997, -2.25211 ], [ -71.14281, -2.26286 ], [ -71.16193, -2.31019 ], [ -71.20906, -2.33924 ], [ -71.21986, -2.34151 ], [ -71.25335, -2.32663 ], [ -71.30761, -2.34781 ], [ -71.31546, -2.33407 ], [ -71.38698, -2.3689 ], [ -71.42083, -2.37603 ], [ -71.43215, -2.35515 ], [ -71.41163, -2.32663 ], [ -71.45649, -2.25511 ], [ -71.46667, -2.25149 ], [ -71.48057, -2.26575 ], [ -71.49814, -2.31505 ], [ -71.51405, -2.3074 ], [ -71.52098, -2.29211 ], [ -71.52227, -2.25035 ], [ -71.52713, -2.23154 ], [ -71.53839, -2.22296 ], [ -71.59596, -2.21108 ], [ -71.65492, -2.17377 ], [ -71.67854, -2.16953 ], [ -71.7314, -2.18989 ], [ -71.73998, -2.17294 ], [ -71.73848, -2.1377 ], [ -71.74613, -2.13232 ], [ -71.8362, -2.17976 ], [ -71.87718, -2.24529 ], [ -71.93175, -2.28963 ], [ -71.93635, -2.31185 ], [ -71.94865, -2.32415 ], [ -72.06151, -2.32001 ], [ -72.08942, -2.33097 ], [ -72.16146, -2.40569 ], [ -72.17639, -2.41034 ], [ -72.25096, -2.39629 ], [ -72.28186, -2.40569 ], [ -72.28383, -2.43318 ], [ -72.37803, -2.45075 ], [ -72.41426, -2.43711 ], [ -72.44159, -2.40518 ], [ -72.56298, -2.38306 ], [ -72.60841, -2.34637 ], [ -72.64432, -2.33407 ], [ -72.68318, -2.40476 ], [ -72.71243, -2.42212 ], [ -72.73372, -2.36755 ], [ -72.75418, -2.38068 ], [ -72.76168, -2.40228 ], [ -72.80467, -2.37779 ], [ -72.86999, -2.41179 ], [ -72.93541, -2.42533 ], [ -72.95278, -2.40228 ], [ -72.96978, -2.35608 ], [ -72.98756, -2.33769 ], [ -73.05644, -2.29986 ], [ -73.0707, -2.33324 ], [ -73.08383, -2.34513 ], [ -73.09887, -2.31495 ], [ -73.15891, -2.29304 ], [ -73.1663, -2.25552 ], [ -73.19778, -2.21356 ], [ -73.19529, -2.1872 ], [ -73.14992, -2.14359 ], [ -73.11106, -2.07341 ], [ -73.12455, -2.0608 ], [ -73.1446, -1.99817 ], [ -73.16873, -1.95931 ], [ -73.17116, -1.92955 ], [ -73.15891, -1.89523 ], [ -73.19364, -1.83684 ], [ -73.18625, -1.79963 ], [ -73.19302, -1.78868 ], [ -73.22031, -1.77235 ], [ -73.24702, -1.74237 ], [ -73.25726, -1.74237 ], [ -73.26769, -1.77224 ], [ -73.31658, -1.76542 ], [ -73.3403, -1.79219 ], [ -73.35053, -1.79064 ], [ -73.38707, -1.76087 ], [ -73.44009, -1.7587 ], [ -73.44629, -1.73814 ], [ -73.51093, -1.69855 ], [ -73.53099, -1.67375 ], [ -73.52881, -1.63509 ], [ -73.51742, -1.60202 ], [ -73.50882, -1.58683 ], [ -73.48453, -1.57246 ], [ -73.49716, -1.478 ], [ -73.53713, -1.43428 ], [ -73.57421, -1.41691 ], [ -73.58344, -1.40172 ], [ -73.56292, -1.37216 ], [ -73.58897, -1.35025 ], [ -73.59713, -1.30612 ], [ -73.61821, -1.30612 ], [ -73.63656, -1.25517 ], [ -73.73237, -1.21651 ], [ -73.75472, -1.18334 ], [ -73.76978, -1.18892 ], [ -73.78585, -1.21424 ], [ -73.80254, -1.22365 ], [ -73.85717, -1.21052 ], [ -73.88076, -1.19099 ], [ -73.9199, -1.11378 ], [ -73.93641, -1.10779 ], [ -73.96763, -1.11481 ], [ -73.98129, -1.10748 ], [ -73.97334, -1.08164 ], [ -73.98279, -1.06624 ], [ -74.0168, -1.09156 ], [ -74.03721, -1.07967 ], [ -74.06545, -1.00144 ], [ -74.07689, -0.99089 ], [ -74.09237, -1.02014 ], [ -74.11963, -1.02097 ], [ -74.18053, -0.99772 ], [ -74.24019, -0.98686 ], [ -74.26675, -0.97229 ], [ -74.28913, -0.94304 ], [ -74.30339, -0.89777 ], [ -74.34442, -0.8586 ], [ -74.33755, -0.84682 ], [ -74.29512, -0.84734 ], [ -74.28913, -0.83628 ], [ -74.3106, -0.80145 ], [ -74.3028, -0.78543 ], [ -74.34432, -0.77406 ], [ -74.38514, -0.72197 ], [ -74.38476, -0.70285 ], [ -74.36489, -0.67618 ], [ -74.41266, -0.57314 ], [ -74.41796, -0.54265 ], [ -74.44189, -0.53552 ], [ -74.47563, -0.49645 ], [ -74.56239, -0.4394 ], [ -74.60446, -0.39496 ], [ -74.64231, -0.33977 ], [ -74.68657, -0.35341 ], [ -74.71812, -0.32727 ], [ -74.7907, -0.31259 ], [ -74.75533, -0.27828 ], [ -74.78946, -0.20903 ], [ -74.82465, -0.17048 ], [ -74.83654, -0.17327 ], [ -74.87271, -0.22195 ], [ -74.93346, -0.20944 ], [ -74.96821, -0.1897 ], [ -75.01536, -0.14051 ], [ -75.05074, -0.13431 ], [ -75.12066, -0.0541 ], [ -75.20675, -0.02909 ], [ -75.23171, -0.04263 ], [ -75.24013, -0.07477 ], [ -75.25253, -0.08955 ], [ -75.31796, -0.13834 ], [ -75.34405, -0.14909 ], [ -75.40258, -0.14578 ], [ -75.4295, -0.16366 ], [ -75.45526, -0.16118 ], [ -75.52575, -0.12325 ], [ -75.57117, -0.1217 ], [ -75.623, -0.10661 ], [ -75.6376, -0.11146 ], [ -75.64321, -0.12883 ], [ -75.6384, -0.15095 ], [ -75.61957, -0.18092 ], [ -75.57897, -0.18268 ], [ -75.5459, -0.20975 ], [ -75.49619, -0.23311 ], [ -75.48477, -0.24768 ], [ -75.45273, -0.36065 ], [ -75.43423, -0.40302 ], [ -75.40563, -0.4424 ], [ -75.37565, -0.467 ], [ -75.34736, -0.47093 ], [ -75.30429, -0.5071 ], [ -75.29098, -0.52798 ], [ -75.27204, -0.5257 ], [ -75.2607, -0.54348 ], [ -75.25558, -0.6243 ], [ -75.29398, -0.66792 ], [ -75.28814, -0.70626 ], [ -75.29703, -0.74698 ], [ -75.25261, -0.89788 ], [ -75.25207, -0.93343 ], [ -75.2275, -0.96309 ], [ -75.22726, -0.96981 ], [ -75.34873, -0.97498 ], [ -75.4064, -0.91514 ], [ -75.41258, -0.92392 ], [ -75.57303, -1.53732 ], [ -75.65148, -1.6167 ], [ -76.09124, -2.12891 ], [ -76.62527, -2.53767 ], [ -76.68459, -2.57364 ], [ -77.86783, -2.99026 ], [ -77.94147, -3.05454 ], [ -78.04254, -3.18993 ], [ -78.10492, -3.24543 ], [ -78.14817, -3.32243 ], [ -78.19641, -3.36367 ], [ -78.19651, -3.38558 ], [ -78.15665, -3.4293 ], [ -78.15453, -3.45679 ], [ -78.16373, -3.47725 ], [ -78.22631, -3.50702 ], [ -78.25718, -3.40956 ], [ -78.31302, -3.38744 ], [ -78.35079, -3.38961 ], [ -78.36172, -3.40852 ], [ -78.3547, -3.43457 ], [ -78.36294, -3.48873 ], [ -78.40239, -3.59435 ], [ -78.40074, -3.67983 ], [ -78.42585, -3.68944 ], [ -78.41358, -3.77181 ], [ -78.41968, -3.79103 ], [ -78.47037, -3.8302 ], [ -78.48068, -3.84953 ], [ -78.49763, -3.94958 ], [ -78.55189, -3.96921 ], [ -78.56207, -3.97976 ], [ -78.56592, -4.05572 ], [ -78.57662, -4.10006 ], [ -78.63757, -4.22739 ], [ -78.65574, -4.29064 ], [ -78.67413, -4.30594 ], [ -78.68243, -4.32692 ], [ -78.67315, -4.40154 ], [ -78.66098, -4.42066 ], [ -78.63721, -4.43513 ], [ -78.6399, -4.45125 ], [ -78.66979, -4.49342 ], [ -78.67266, -4.55099 ], [ -78.68168, -4.56711 ], [ -78.71971, -4.59223 ], [ -78.85306, -4.65227 ], [ -78.89864, -4.69423 ], [ -78.92861, -4.74746 ], [ -78.92789, -4.77485 ], [ -78.90022, -4.84368 ], [ -78.91081, -4.86353 ], [ -78.98034, -4.87396 ], [ -79.00928, -4.96011 ], [ -79.06393, -5.01137 ], [ -79.10416, -4.98006 ], [ -79.14085, -4.98326 ], [ -79.20932, -4.96476 ], [ -79.28027, -4.96734 ], [ -79.30322, -4.96125 ], [ -79.34104, -4.90425 ], [ -79.37807, -4.88482 ], [ -79.39533, -4.84761 ], [ -79.45057, -4.8102 ], [ -79.46104, -4.76917 ], [ -79.48721, -4.71997 ], [ -79.49871, -4.66064 ], [ -79.52785, -4.61806 ], [ -79.52718, -4.59657 ], [ -79.50413, -4.55564 ], [ -79.50721, -4.53156 ], [ -79.52754, -4.51967 ], [ -79.55777, -4.51657 ], [ -79.63033, -4.45249 ], [ -79.65798, -4.43875 ], [ -79.69412, -4.4436 ], [ -79.72859, -4.46407 ], [ -79.79574, -4.48474 ], [ -79.83287, -4.47895 ], [ -79.90408, -4.39865 ], [ -79.98201, -4.38862 ], [ -80.02927, -4.35968 ], [ -80.07966, -4.30904 ], [ -80.13386, -4.29395 ], [ -80.14025, -4.2831 ], [ -80.20505, -4.29819 ], [ -80.22195, -4.31896 ], [ -80.23967, -4.36981 ], [ -80.25541, -4.38676 ], [ -80.38287, -4.47626 ], [ -80.42511, -4.47151 ], [ -80.48353, -4.43399 ], [ -80.49229, -4.41301 ], [ -80.48854, -4.39596 ], [ -80.34527, -4.19845 ], [ -80.43472, -4.21695 ], [ -80.46961, -4.21323 ], [ -80.49077, -4.169 ], [ -80.48718, -4.13127 ], [ -80.51407, -4.08342 ], [ -80.49198, -4.0149 ], [ -80.46614, -3.98813 ], [ -80.42746, -3.98131 ], [ -80.38646, -3.98895 ], [ -80.32551, -4.01541 ], [ -80.30463, -4.00518 ], [ -80.25908, -3.94369 ], [ -80.18115, -3.90793 ], [ -80.16526, -3.89005 ], [ -80.16505, -3.8795 ], [ -80.18877, -3.8577 ], [ -80.19272, -3.82163 ], [ -80.22164, -3.76943 ], [ -80.22631, -3.74928 ], [ -80.21686, -3.72695 ], [ -80.22494, -3.68065 ], [ -80.21639, -3.63156 ], [ -80.225, -3.59187 ], [ -80.24998, -3.57771 ], [ -80.24029, -3.51405 ], [ -80.24908, -3.49792 ], [ -80.27163, -3.48552 ], [ -80.26566, -3.4264 ], [ -80.27975, -3.41555 ], [ -80.34073, -3.3935 ], [ -80.36823, -3.46551 ], [ -80.38451, -3.47869 ], [ -80.42418, -3.49147 ], [ -80.49372, -3.48919 ], [ -80.53624, -3.5053 ], [ -80.54231, -3.52614 ], [ -80.58458, -3.58807 ], [ -80.61311, -3.61566 ], [ -80.77172, -3.71014 ], [ -80.80761, -3.73943 ], [ -80.85237, -3.80828 ], [ -80.86779, -3.87274 ], [ -80.96158, -3.93939 ], [ -80.99291, -3.9721 ], [ -81.07331, -4.09677 ], [ -81.11034, -4.1076 ], [ -81.16564, -4.17938 ], [ -81.26403, -4.25237 ], [ -81.29381, -4.31756 ], [ -81.27953, -4.39642 ], [ -81.29381, -4.43043 ], [ -81.32482, -4.4616 ], [ -81.32893, -4.47666 ], [ -81.30748, -4.53427 ], [ -81.31652, -4.60125 ], [ -81.30525, -4.64357 ], [ -81.33269, -4.66445 ], [ -81.33756, -4.6783 ], [ -81.2234, -4.80649 ], [ -81.14941, -4.91703 ], [ -81.08502, -4.97449 ], [ -81.06335, -5.02204 ], [ -81.06759, -5.0572 ], [ -81.08276, -5.07921 ], [ -81.11257, -5.08158 ], [ -81.12913, -5.06469 ], [ -81.14694, -5.07463 ], [ -81.16277, -5.07257 ], [ -81.1714, -5.0873 ], [ -81.16262, -5.12634 ], [ -81.17669, -5.12989 ], [ -81.17782, -5.14286 ], [ -81.16599, -5.16433 ], [ -81.17371, -5.1846 ], [ -81.18688, -5.19002 ], [ -81.19848, -5.2081 ], [ -81.13161, -5.3004 ], [ -81.10759, -5.31746 ], [ -81.0722, -5.31892 ], [ -80.93182, -5.46382 ], [ -80.88122, -5.57387 ], [ -80.85621, -5.65046 ], [ -80.86401, -5.74394 ], [ -80.90339, -5.81463 ], [ -80.93993, -5.85084 ], [ -80.97159, -5.84596 ], [ -81.03828, -5.8181 ], [ -81.0575, -5.78797 ], [ -81.07519, -5.78679 ], [ -81.09634, -5.83856 ], [ -81.11885, -5.83991 ], [ -81.12941, -5.86581 ], [ -81.15022, -5.88307 ], [ -81.15142, -5.97587 ], [ -81.13081, -6.03456 ], [ -81.10146, -6.07207 ], [ -81.01389, -6.13907 ], [ -80.85313, -6.2395 ], [ -80.79053, -6.29969 ], [ -80.2981, -6.54445 ], [ -80.11892, -6.65061 ], [ -80.00455, -6.7409 ], [ -79.96468, -6.78736 ], [ -79.93155, -6.88348 ], [ -79.87748, -6.92898 ], [ -79.86626, -6.94975 ], [ -79.81569, -7.0 ] ] ], [ [ [ -80.85543, -6.40553 ], [ -80.84297, -6.38161 ], [ -80.85314, -6.37499 ], [ -80.87538, -6.43305 ], [ -80.86709, -6.44058 ], [ -80.86384, -6.47584 ], [ -80.83958, -6.47525 ], [ -80.84175, -6.42888 ], [ -80.85543, -6.40553 ] ] ] ] } },
{ "type": "Feature", "properties": { "code": "VEN", "name": "Venezuela" }, "geometry": { "type": "MultiPolygon", "coordinates": [ [ [ [ -64.0, 10.88166 ], [ -64.0, 11.07419 ], [ -64.01757, 11.05622 ], [ -64.01757, 11.01529 ], [ -64.03197, 10.996 ], [ -64.04906, 10.99071 ], [ -64.11071, 11.00019 ], [ -64.14753, 11.02359 ], [ -64.18163, 11.03408 ], [ -64.18883, 11.07364 ], [ -64.19831, 11.08763 ], [ -64.22008, 11.09154 ], [ -64.27139, 11.07697 ], [ -64.29186, 11.08393 ], [ -64.32262, 11.06574 ], [ -64.37059, 11.06249 ], [ -64.40856, 10.96747 ], [ -64.22435, 10.93936 ], [ -64.20295, 10.9444 ], [ -64.17585, 10.96747 ], [ -64.11636, 10.92862 ], [ -64.0961, 10.89094 ], [ -64.05687, 10.88711 ], [ -64.05972, 10.85761 ], [ -64.0, 10.88166 ] ] ], [ [ [ -64.0, 10.77335 ], [ -64.0, 10.79461 ], [ -64.00451, 10.7757 ], [ -64.0, 10.77335 ] ] ], [ [ [ -64.0, 10.57667 ], [ -64.0, 10.63823 ], [ -64.03185, 10.63788 ], [ -64.0489, 10.65217 ], [ -64.14476, 10.61742 ], [ -64.24079, 10.64606 ], [ -64.27074, 10.67267 ], [ -64.27473, 10.65058 ], [ -64.29255, 10.63788 ], [ -64.29768, 10.61986 ], [ -64.26671, 10.57909 ], [ -64.24913, 10.52045 ], [ -64.23388, 10.51504 ], [ -64.22427, 10.52041 ], [ -64.2154, 10.54377 ], [ -64.16906, 10.57026 ], [ -64.08617, 10.56712 ], [ -64.04629, 10.58959 ], [ -64.03185, 10.59007 ], [ -64.04548, 10.57026 ], [ -64.0, 10.57667 ] ] ], [ [ [ -64.0, 3.88095 ], [ -64.0, 10.44889 ], [ -64.00487, 10.4479 ], [ -64.05183, 10.44794 ], [ -64.12767, 10.47761 ], [ -64.18855, 10.47761 ], [ -64.21056, 10.43928 ], [ -64.24718, 10.41987 ], [ -64.33918, 10.39069 ], [ -64.33971, 10.3642 ], [ -64.35741, 10.33869 ], [ -64.36461, 10.33832 ], [ -64.37108, 10.38223 ], [ -64.38126, 10.38622 ], [ -64.40241, 10.37849 ], [ -64.40241, 10.371 ], [ -64.3806, 10.371 ], [ -64.3806, 10.3437 ], [ -64.42907, 10.32319 ], [ -64.46337, 10.33283 ], [ -64.47004, 10.32319 ], [ -64.45495, 10.31342 ], [ -64.40958, 10.30467 ], [ -64.38223, 10.31696 ], [ -64.3767, 10.30077 ], [ -64.44017, 10.27627 ], [ -64.46837, 10.2486 ], [ -64.49055, 10.24067 ], [ -64.53148, 10.25434 ], [ -64.55224, 10.24234 ], [ -64.5594, 10.25434 ], [ -64.5799, 10.24811 ], [ -64.57242, 10.2617 ], [ -64.63142, 10.24811 ], [ -64.66861, 10.2071 ], [ -64.65762, 10.19668 ], [ -64.66763, 10.18732 ], [ -64.68517, 10.18602 ], [ -64.6966, 10.19969 ], [ -64.6761, 10.21332 ], [ -64.69933, 10.21381 ], [ -64.71703, 10.22761 ], [ -64.71703, 10.17235 ], [ -64.72863, 10.13605 ], [ -64.74812, 10.10688 ], [ -64.7766, 10.0904 ], [ -64.8142, 10.08511 ], [ -64.96349, 10.09732 ], [ -65.01684, 10.06708 ], [ -65.08397, 10.04751 ], [ -65.14892, 10.05842 ], [ -65.17569, 10.08364 ], [ -65.08019, 10.05565 ], [ -65.08019, 10.06257 ], [ -65.16955, 10.09732 ], [ -65.4591, 10.14936 ], [ -65.58043, 10.18545 ], [ -65.86848, 10.30956 ], [ -65.84732, 10.2814 ], [ -65.71764, 10.22016 ], [ -65.80211, 10.22565 ], [ -65.8275, 10.23444 ], [ -65.89696, 10.28799 ], [ -65.923, 10.28221 ], [ -65.94416, 10.30956 ], [ -65.92992, 10.32319 ], [ -65.91015, 10.31167 ], [ -65.88207, 10.30956 ], [ -65.95287, 10.35163 ], [ -65.97094, 10.37885 ], [ -66.08751, 10.46662 ], [ -66.12222, 10.50703 ], [ -66.12169, 10.54295 ], [ -66.07616, 10.5489 ], [ -66.05382, 10.5624 ], [ -66.04654, 10.57648 ], [ -66.1044, 10.58442 ], [ -66.12458, 10.60196 ], [ -66.19058, 10.61742 ], [ -66.25178, 10.64859 ], [ -66.27587, 10.65217 ], [ -66.29516, 10.64671 ], [ -66.33397, 10.61123 ], [ -66.40486, 10.62084 ], [ -66.42785, 10.63085 ], [ -66.54157, 10.63272 ], [ -66.88585, 10.60952 ], [ -67.01236, 10.61123 ], [ -67.11303, 10.58552 ], [ -67.17003, 10.55598 ], [ -67.2434, 10.54662 ], [ -67.32608, 10.54995 ], [ -67.56017, 10.52827 ], [ -67.64501, 10.50601 ], [ -67.77758, 10.496 ], [ -67.84838, 10.47407 ], [ -67.86539, 10.45222 ], [ -67.8806, 10.47997 ], [ -67.94123, 10.46646 ], [ -68.00646, 10.48847 ], [ -68.12955, 10.48774 ], [ -68.17113, 10.50373 ], [ -68.20958, 10.53726 ], [ -68.24234, 10.57844 ], [ -68.2871, 10.6579 ], [ -68.31835, 10.74518 ], [ -68.33194, 10.82958 ], [ -68.32657, 10.84927 ], [ -68.31143, 10.85761 ], [ -68.26618, 10.8581 ], [ -68.24983, 10.86591 ], [ -68.23884, 10.88496 ], [ -68.26268, 10.90314 ], [ -68.37662, 10.91909 ], [ -68.33507, 10.9396 ], [ -68.31835, 10.93598 ], [ -68.28726, 10.91283 ], [ -68.27843, 10.92548 ], [ -68.34968, 11.07184 ], [ -68.38866, 11.12824 ], [ -68.39794, 11.154 ], [ -68.39029, 11.17914 ], [ -68.40331, 11.20026 ], [ -68.41076, 11.20026 ], [ -68.41759, 11.17914 ], [ -68.48351, 11.20694 ], [ -68.51797, 11.24934 ], [ -68.61522, 11.30341 ], [ -68.63996, 11.32221 ], [ -68.65567, 11.34789 ], [ -68.68448, 11.36164 ], [ -68.70434, 11.35806 ], [ -68.75438, 11.37409 ], [ -68.79597, 11.40062 ], [ -68.84439, 11.44741 ], [ -68.86319, 11.45287 ], [ -69.01993, 11.44623 ], [ -69.06188, 11.45352 ], [ -69.09016, 11.46931 ], [ -69.10904, 11.49136 ], [ -69.121, 11.48989 ], [ -69.18541, 11.51557 ], [ -69.22948, 11.51557 ], [ -69.27042, 11.53604 ], [ -69.29092, 11.53335 ], [ -69.3767, 11.49405 ], [ -69.50007, 11.50873 ], [ -69.53726, 11.49868 ], [ -69.58869, 11.46304 ], [ -69.62361, 11.46776 ], [ -69.66584, 11.49775 ], [ -69.70031, 11.54019 ], [ -69.74714, 11.63227 ], [ -69.80858, 11.80362 ], [ -69.81676, 11.93244 ], [ -69.83532, 12.0152 ], [ -69.92536, 12.15961 ], [ -69.9442, 12.17451 ], [ -70.01773, 12.19892 ], [ -70.06456, 12.18146 ], [ -70.14428, 12.11799 ], [ -70.2058, 12.11201 ], [ -70.21325, 12.05679 ], [ -70.25463, 12.00682 ], [ -70.28356, 11.93964 ], [ -70.30199, 11.85814 ], [ -70.28454, 11.85733 ], [ -70.27969, 11.83015 ], [ -70.24059, 11.76195 ], [ -70.22395, 11.7884 ], [ -70.208, 11.77432 ], [ -70.2058, 11.73469 ], [ -70.23314, 11.74836 ], [ -70.21947, 11.72785 ], [ -70.21239, 11.6872 ], [ -70.23314, 11.65274 ], [ -70.22989, 11.62788 ], [ -70.21178, 11.60908 ], [ -70.18651, 11.60269 ], [ -70.13834, 11.62596 ], [ -70.0738, 11.6319 ], [ -70.04149, 11.64863 ], [ -69.9855, 11.65526 ], [ -69.94514, 11.67324 ], [ -69.95006, 11.65668 ], [ -69.92772, 11.65843 ], [ -69.88024, 11.67324 ], [ -69.84952, 11.69367 ], [ -69.82502, 11.67524 ], [ -69.82217, 11.69367 ], [ -69.81603, 11.69367 ], [ -69.76081, 11.55711 ], [ -69.76476, 11.53767 ], [ -69.74364, 11.50336 ], [ -69.74714, 11.48078 ], [ -69.78921, 11.451 ], [ -69.79491, 11.43671 ], [ -69.81408, 11.4256 ], [ -69.8446, 11.43623 ], [ -69.85652, 11.45867 ], [ -69.89262, 11.47865 ], [ -69.89917, 11.49579 ], [ -69.92065, 11.49725 ], [ -69.9259, 11.51306 ], [ -69.94598, 11.51977 ], [ -69.97562, 11.5029 ], [ -70.0078, 11.51557 ], [ -70.02437, 11.51407 ], [ -70.12277, 11.5591 ], [ -70.1616, 11.56855 ], [ -70.0963, 11.53107 ], [ -70.11856, 11.53095 ], [ -70.11986, 11.52241 ], [ -70.05391, 11.50648 ], [ -70.05588, 11.4932 ], [ -70.04133, 11.48823 ], [ -70.04874, 11.47394 ], [ -70.03588, 11.46654 ], [ -70.03653, 11.4409 ], [ -70.07901, 11.45734 ], [ -70.08812, 11.43403 ], [ -70.09937, 11.42955 ], [ -70.12683, 11.46204 ], [ -70.15447, 11.46997 ], [ -70.1644, 11.46293 ], [ -70.146, 11.45441 ], [ -70.14517, 11.42894 ], [ -70.15901, 11.40143 ], [ -70.18, 11.37637 ], [ -70.23107, 11.35159 ], [ -70.28795, 11.35708 ], [ -70.32433, 11.33283 ], [ -70.43395, 11.2876 ], [ -70.48644, 11.29511 ], [ -70.51061, 11.28636 ], [ -70.50744, 11.26166 ], [ -70.49787, 11.27928 ], [ -70.48013, 11.28901 ], [ -70.49608, 11.26386 ], [ -70.51391, 11.25316 ], [ -70.62975, 11.2392 ], [ -70.66413, 11.23871 ], [ -70.68562, 11.24803 ], [ -70.8697, 11.19628 ], [ -71.06237, 11.0904 ], [ -71.12222, 11.06835 ], [ -71.17593, 11.03413 ], [ -71.29393, 10.98664 ], [ -71.41845, 10.98005 ], [ -71.50113, 10.96003 ], [ -71.44766, 10.9204 ], [ -71.41246, 10.91909 ], [ -71.45336, 10.87189 ], [ -71.43529, 10.81892 ], [ -71.44591, 10.79621 ], [ -71.51, 10.81265 ], [ -71.58312, 10.80923 ], [ -71.5279, 10.74095 ], [ -71.53531, 10.68635 ], [ -71.50011, 10.628 ], [ -71.53746, 10.59797 ], [ -71.54157, 10.56489 ], [ -71.52648, 10.54475 ], [ -71.4663, 10.50214 ], [ -71.47509, 10.42158 ], [ -71.46935, 10.4018 ], [ -71.4226, 10.34317 ], [ -71.41442, 10.31346 ], [ -71.38443, 10.27538 ], [ -71.36388, 10.21996 ], [ -71.32844, 10.20673 ], [ -71.26781, 10.15192 ], [ -71.22851, 10.07005 ], [ -71.20694, 9.98062 ], [ -71.18391, 9.9853 ], [ -71.16246, 9.97093 ], [ -71.07242, 9.85786 ], [ -71.07282, 9.84162 ], [ -71.09024, 9.83662 ], [ -71.08617, 9.812 ], [ -71.04186, 9.76089 ], [ -71.03563, 9.74409 ], [ -71.0487, 9.71992 ], [ -71.0487, 9.67276 ], [ -71.06607, 9.58954 ], [ -71.09024, 9.55541 ], [ -71.07335, 9.41901 ], [ -71.05614, 9.36359 ], [ -71.06241, 9.32665 ], [ -71.07282, 9.31354 ], [ -71.15172, 9.28852 ], [ -71.20641, 9.23216 ], [ -71.22061, 9.17927 ], [ -71.24104, 9.15575 ], [ -71.37141, 9.09333 ], [ -71.55769, 9.04157 ], [ -71.6459, 9.04963 ], [ -71.70857, 9.07673 ], [ -71.71837, 9.08584 ], [ -71.71349, 9.09325 ], [ -71.75886, 9.12006 ], [ -71.76187, 9.13085 ], [ -71.73453, 9.16503 ], [ -71.75182, 9.19074 ], [ -71.75324, 9.20425 ], [ -71.73453, 9.206 ], [ -71.74938, 9.21629 ], [ -71.7447, 9.23762 ], [ -71.75447, 9.24698 ], [ -71.7755, 9.22647 ], [ -71.78506, 9.2403 ], [ -71.80704, 9.22549 ], [ -71.81652, 9.2333 ], [ -71.75821, 9.28339 ], [ -71.7482, 9.27485 ], [ -71.73998, 9.28937 ], [ -71.73583, 9.32486 ], [ -71.7482, 9.34317 ], [ -71.72802, 9.34809 ], [ -71.74079, 9.36359 ], [ -71.73453, 9.38471 ], [ -71.76085, 9.36473 ], [ -71.83357, 9.42573 ], [ -71.89159, 9.42573 ], [ -71.90526, 9.38471 ], [ -71.91381, 9.41258 ], [ -71.90075, 9.43456 ], [ -71.87475, 9.44526 ], [ -71.84439, 9.43936 ], [ -71.88166, 9.46296 ], [ -71.91893, 9.50019 ], [ -71.91893, 9.48029 ], [ -71.92638, 9.48029 ], [ -71.93639, 9.50019 ], [ -71.99523, 9.45921 ], [ -72.01928, 9.50288 ], [ -72.01513, 9.52131 ], [ -71.98371, 9.49746 ], [ -71.96752, 9.49824 ], [ -71.96052, 9.51789 ], [ -71.97789, 9.55589 ], [ -72.00829, 9.57587 ], [ -71.98786, 9.58954 ], [ -71.99523, 9.60383 ], [ -71.98786, 9.61005 ], [ -71.96483, 9.55109 ], [ -71.94685, 9.54116 ], [ -71.99893, 9.65473 ], [ -72.09024, 9.75462 ], [ -72.12438, 9.82608 ], [ -72.10945, 9.85615 ], [ -72.04369, 9.92959 ], [ -72.00048, 10.0253 ], [ -71.99181, 10.06745 ], [ -71.96906, 10.1057 ], [ -71.89769, 10.13923 ], [ -71.89159, 10.16218 ], [ -71.83698, 10.23444 ], [ -71.77904, 10.34174 ], [ -71.75447, 10.371 ], [ -71.72973, 10.39151 ], [ -71.69669, 10.40518 ], [ -71.67186, 10.43305 ], [ -71.62955, 10.45401 ], [ -71.63093, 10.51846 ], [ -71.60558, 10.58185 ], [ -71.61042, 10.59756 ], [ -71.60367, 10.61978 ], [ -71.61042, 10.63788 ], [ -71.59496, 10.65961 ], [ -71.57628, 10.7211 ], [ -71.61832, 10.74348 ], [ -71.67406, 10.80239 ], [ -71.71044, 10.87861 ], [ -71.72033, 10.91909 ], [ -71.71569, 10.95775 ], [ -71.76867, 11.01529 ], [ -71.74421, 11.03596 ], [ -71.69713, 11.02558 ], [ -71.67528, 11.00361 ], [ -71.67931, 10.98798 ], [ -71.62466, 11.00096 ], [ -71.62645, 11.01496 ], [ -71.6529, 11.04121 ], [ -71.76976, 11.10635 ], [ -71.85692, 11.21699 ], [ -71.93932, 11.38076 ], [ -71.97012, 11.51138 ], [ -71.9713, 11.55484 ], [ -71.96052, 11.59125 ], [ -71.90071, 11.62132 ], [ -71.67443, 11.68472 ], [ -71.50707, 11.70978 ], [ -71.37816, 11.75845 ], [ -71.37145, 11.78311 ], [ -71.33605, 11.78925 ], [ -71.34386, 11.80752 ], [ -71.32751, 11.85 ], [ -71.35763, 11.8508 ], [ -71.40967, 11.8123 ], [ -71.44946, 11.79546 ], [ -71.97108, 11.66192 ], [ -72.00793, 11.62461 ], [ -72.26708, 11.1549 ], [ -72.28465, 11.15046 ], [ -72.34134, 11.16211 ], [ -72.417, 11.13762 ], [ -72.48149, 11.13253 ], [ -72.49932, 11.1208 ], [ -72.50748, 11.08299 ], [ -72.54205, 11.04108 ], [ -72.57647, 10.95737 ], [ -72.5945, 10.93298 ], [ -72.68297, 10.85562 ], [ -72.70613, 10.81125 ], [ -72.75439, 10.67485 ], [ -72.78142, 10.63132 ], [ -72.84302, 10.5606 ], [ -72.86141, 10.50809 ], [ -72.90756, 10.45246 ], [ -72.9149, 10.4329 ], [ -72.93562, 10.17519 ], [ -72.98771, 9.99942 ], [ -72.99696, 9.90071 ], [ -72.97763, 9.83806 ], [ -72.98554, 9.81217 ], [ -73.07189, 9.66409 ], [ -73.10765, 9.578 ], [ -73.17845, 9.52304 ], [ -73.19741, 9.47867 ], [ -73.27741, 9.36181 ], [ -73.32438, 9.25592 ], [ -73.37911, 9.21388 ], [ -73.39084, 9.1945 ], [ -73.39115, 9.17277 ], [ -73.37782, 9.16469 ], [ -73.21224, 9.17345 ], [ -73.17617, 9.19094 ], [ -73.12434, 9.23448 ], [ -73.07603, 9.25427 ], [ -73.03267, 9.2946 ], [ -73.00972, 9.29538 ], [ -72.99112, 9.25168 ], [ -72.99562, 9.23535 ], [ -72.98006, 9.21652 ], [ -72.97319, 9.12844 ], [ -72.95531, 9.10399 ], [ -72.9364, 9.09919 ], [ -72.87402, 9.13342 ], [ -72.83413, 9.13363 ], [ -72.82669, 9.14169 ], [ -72.79103, 9.11394 ], [ -72.7856, 9.10244 ], [ -72.80002, 9.07945 ], [ -72.78307, 9.05994 ], [ -72.67543, 8.65151 ], [ -72.65543, 8.6179 ], [ -72.45627, 8.40393 ], [ -72.41508, 8.38241 ], [ -72.39354, 8.35538 ], [ -72.38397, 8.32179 ], [ -72.39596, 8.2566 ], [ -72.35726, 8.17214 ], [ -72.33576, 8.1039 ], [ -72.33385, 8.06548 ], [ -72.35008, 8.04259 ], [ -72.40707, 8.04377 ], [ -72.43012, 7.99052 ], [ -72.45674, 7.96494 ], [ -72.48779, 7.94918 ], [ -72.4912, 7.9375 ], [ -72.45865, 7.89352 ], [ -72.45177, 7.8328 ], [ -72.47415, 7.75415 ], [ -72.48335, 7.64935 ], [ -72.4634, 7.57075 ], [ -72.48201, 7.50802 ], [ -72.4787, 7.48445 ], [ -72.45131, 7.44022 ], [ -72.41462, 7.41381 ], [ -72.32181, 7.39004 ], [ -72.23969, 7.39128 ], [ -72.20621, 7.38188 ], [ -72.16404, 7.32886 ], [ -72.17422, 7.27961 ], [ -72.16414, 7.2208 ], [ -72.09826, 7.08675 ], [ -72.081, 7.0666 ], [ -71.99382, 7.01285 ], [ -71.84819, 6.98386 ], [ -71.79962, 7.00919 ], [ -71.77151, 7.01115 ], [ -71.77404, 7.02893 ], [ -71.69802, 7.03497 ], [ -71.6696, 7.02774 ], [ -71.67353, 7.04422 ], [ -71.66702, 7.05151 ], [ -71.6204, 7.05213 ], [ -71.59472, 7.03011 ], [ -71.55844, 7.04123 ], [ -71.54863, 7.02831 ], [ -71.50992, 7.03461 ], [ -71.48765, 7.02893 ], [ -71.4677, 7.01244 ], [ -71.4139, 7.03099 ], [ -71.34936, 7.01947 ], [ -71.29252, 7.02577 ], [ -71.28353, 7.01885 ], [ -71.27552, 6.98438 ], [ -71.21325, 6.97751 ], [ -71.18405, 6.96257 ], [ -71.13604, 6.99213 ], [ -71.06548, 6.98454 ], [ -71.01127, 6.99089 ], [ -70.96132, 7.00944 ], [ -70.91882, 7.03947 ], [ -70.89554, 7.06851 ], [ -70.7033, 7.09993 ], [ -70.68261, 7.08463 ], [ -70.63928, 7.07347 ], [ -70.57861, 7.08582 ], [ -70.5107, 7.0097 ], [ -70.45166, 7.00769 ], [ -70.43779, 6.99301 ], [ -70.31906, 6.93829 ], [ -70.28762, 6.93694 ], [ -70.23126, 6.96852 ], [ -70.19501, 6.97756 ], [ -70.1292, 6.97255 ], [ -70.09662, 6.94444 ], [ -69.44364, 6.12224 ], [ -69.3314, 6.15637 ], [ -69.31135, 6.14622 ], [ -69.2461, 6.08066 ], [ -69.18916, 6.11263 ], [ -69.12996, 6.16993 ], [ -69.06113, 6.21784 ], [ -69.03689, 6.21877 ], [ -68.97858, 6.19732 ], [ -68.9609, 6.20236 ], [ -68.89292, 6.18433 ], [ -68.80786, 6.18433 ], [ -68.63531, 6.13588 ], [ -68.58472, 6.17001 ], [ -68.52251, 6.17329 ], [ -68.44902, 6.195 ], [ -68.4067, 6.19489 ], [ -68.34112, 6.17683 ], [ -68.30417, 6.17699 ], [ -68.19028, 6.21784 ], [ -68.14651, 6.22378 ], [ -68.01902, 6.21161 ], [ -67.97799, 6.21784 ], [ -67.92414, 6.23456 ], [ -67.9043, 6.27515 ], [ -67.86813, 6.27988 ], [ -67.8272, 6.31341 ], [ -67.73098, 6.30269 ], [ -67.57398, 6.26623 ], [ -67.49048, 6.20164 ], [ -67.44996, 6.19794 ], [ -67.48696, 6.16678 ], [ -67.4912, 6.11449 ], [ -67.4543, 6.05679 ], [ -67.42857, 6.03847 ], [ -67.41859, 5.99535 ], [ -67.42247, 5.97824 ], [ -67.4852, 5.94408 ], [ -67.54158, 5.87672 ], [ -67.60122, 5.82058 ], [ -67.62514, 5.78451 ], [ -67.64116, 5.74484 ], [ -67.64907, 5.65609 ], [ -67.636, 5.57759 ], [ -67.61429, 5.55367 ], [ -67.61703, 5.5416 ], [ -67.636, 5.51954 ], [ -67.65248, 5.47796 ], [ -67.70214, 5.4414 ], [ -67.73165, 5.43013 ], [ -67.75211, 5.40967 ], [ -67.77258, 5.40967 ], [ -67.80978, 5.37882 ], [ -67.83459, 5.33931 ], [ -67.84368, 5.29725 ], [ -67.81862, 5.22782 ], [ -67.8135, 5.18656 ], [ -67.82663, 5.12039 ], [ -67.821, 5.10059 ], [ -67.79309, 5.06334 ], [ -67.80673, 5.03571 ], [ -67.80668, 4.97226 ], [ -67.82637, 4.89484 ], [ -67.8272, 4.87154 ], [ -67.8135, 4.84051 ], [ -67.82286, 4.74359 ], [ -67.84565, 4.68974 ], [ -67.85516, 4.56616 ], [ -67.8734, 4.54652 ], [ -67.87505, 4.53264 ], [ -67.85655, 4.50417 ], [ -67.82906, 4.49143 ], [ -67.8135, 4.44327 ], [ -67.79309, 4.42898 ], [ -67.79986, 4.39891 ], [ -67.7794, 4.35079 ], [ -67.79986, 4.30607 ], [ -67.80493, 4.26847 ], [ -67.78622, 4.17298 ], [ -67.77774, 4.15393 ], [ -67.74018, 4.11872 ], [ -67.73165, 4.08637 ], [ -67.72064, 4.07497 ], [ -67.71702, 4.03934 ], [ -67.70163, 4.01195 ], [ -67.69387, 3.9286 ], [ -67.64442, 3.83462 ], [ -67.63176, 3.76186 ], [ -67.61414, 3.74057 ], [ -67.59481, 3.73091 ], [ -67.53745, 3.73551 ], [ -67.49983, 3.71791 ], [ -67.47141, 3.68006 ], [ -67.40392, 3.50446 ], [ -67.39012, 3.48506 ], [ -67.33782, 3.4601 ], [ -67.30465, 3.42571 ], [ -67.30945, 3.38393 ], [ -67.3958, 3.26657 ], [ -67.45218, 3.24368 ], [ -67.83862, 2.88613 ], [ -67.85526, 2.85817 ], [ -67.85593, 2.78975 ], [ -67.82332, 2.82732 ], [ -67.7702, 2.83244 ], [ -67.75103, 2.8421 ], [ -67.69041, 2.80634 ], [ -67.66561, 2.80133 ], [ -67.62659, 2.81342 ], [ -67.59429, 2.77611 ], [ -67.57559, 2.6911 ], [ -67.5637, 2.68175 ], [ -67.50029, 2.67534 ], [ -67.4852, 2.66191 ], [ -67.47089, 2.62713 ], [ -67.44035, 2.61002 ], [ -67.38154, 2.53778 ], [ -67.34061, 2.51049 ], [ -67.32542, 2.47463 ], [ -67.26656, 2.43375 ], [ -67.23137, 2.42233 ], [ -67.18972, 2.39438 ], [ -67.17375, 2.33645 ], [ -67.21768, 2.28451 ], [ -67.21726, 2.26606 ], [ -67.17783, 2.15449 ], [ -67.16925, 2.14116 ], [ -67.12099, 2.1191 ], [ -67.11463, 2.103 ], [ -67.11117, 2.04884 ], [ -67.11463, 2.0313 ], [ -67.13515, 2.00334 ], [ -67.13262, 1.99081 ], [ -67.0873, 1.93882 ], [ -66.98089, 1.66595 ], [ -66.97418, 1.58003 ], [ -66.93361, 1.50169 ], [ -66.93273, 1.42464 ], [ -66.90173, 1.39446 ], [ -66.88354, 1.34994 ], [ -66.8825, 1.32602 ], [ -66.9009, 1.28897 ], [ -66.87506, 1.22251 ], [ -66.40708, 0.80207 ], [ -66.3462, 0.75939 ], [ -66.28507, 0.74585 ], [ -66.20874, 0.76311 ], [ -66.15634, 0.73303 ], [ -66.13438, 0.73112 ], [ -66.11113, 0.74182 ], [ -66.07919, 0.77758 ], [ -65.99418, 0.79473 ], [ -65.97408, 0.80698 ], [ -65.89176, 0.89561 ], [ -65.74544, 0.97415 ], [ -65.70105, 0.98439 ], [ -65.59604, 0.98361 ], [ -65.57085, 0.96857 ], [ -65.53581, 0.92847 ], [ -65.5185, 0.88651 ], [ -65.517, 0.86279 ], [ -65.53318, 0.81633 ], [ -65.58734, 0.73913 ], [ -65.58522, 0.69148 ], [ -65.56049, 0.65603 ], [ -65.54266, 0.64932 ], [ -65.49783, 0.65872 ], [ -65.45122, 0.69014 ], [ -65.41388, 0.74161 ], [ -65.40962, 0.79215 ], [ -65.40001, 0.81654 ], [ -65.3272, 0.91028 ], [ -65.31027, 0.91865 ], [ -65.22315, 0.91436 ], [ -65.20304, 0.92382 ], [ -65.17899, 0.9554 ], [ -65.16018, 1.08019 ], [ -65.13677, 1.12691 ], [ -65.10052, 1.13611 ], [ -65.05962, 1.13239 ], [ -65.02249, 1.13998 ], [ -65.01745, 1.16298 ], [ -64.96647, 1.2006 ], [ -64.8974, 1.21967 ], [ -64.83929, 1.27083 ], [ -64.82144, 1.27057 ], [ -64.77131, 1.24675 ], [ -64.73088, 1.24757 ], [ -64.60422, 1.33129 ], [ -64.5512, 1.41953 ], [ -64.40901, 1.50751 ], [ -64.38643, 1.51024 ], [ -64.36459, 1.49709 ], [ -64.36382, 1.47735 ], [ -64.38503, 1.4364 ], [ -64.39477, 1.39219 ], [ -64.38958, 1.3693 ], [ -64.3701, 1.35873 ], [ -64.35294, 1.36584 ], [ -64.32188, 1.42444 ], [ -64.30152, 1.44666 ], [ -64.23215, 1.49714 ], [ -64.17709, 1.55115 ], [ -64.12972, 1.57807 ], [ -64.09296, 1.62262 ], [ -64.07254, 1.68458 ], [ -64.07595, 1.74537 ], [ -64.0603, 1.80746 ], [ -64.0536, 1.89371 ], [ -64.03663, 1.92727 ], [ -64.0, 1.95435 ], [ -64.0, 2.46695 ], [ -64.01079, 2.46817 ], [ -64.0325, 2.463 ], [ -64.04797, 2.47132 ], [ -64.05782, 2.51044 ], [ -64.01219, 2.60377 ], [ -64.0, 2.69639 ], [ -64.0, 2.72135 ], [ -64.02908, 2.79797 ], [ -64.10595, 2.94721 ], [ -64.22292, 3.124 ], [ -64.21631, 3.25143 ], [ -64.24561, 3.41894 ], [ -64.24215, 3.44297 ], [ -64.19786, 3.51508 ], [ -64.19574, 3.57007 ], [ -64.20298, 3.59472 ], [ -64.26556, 3.65221 ], [ -64.32416, 3.72411 ], [ -64.43454, 3.77848 ], [ -64.53143, 3.85351 ], [ -64.57497, 3.91421 ], [ -64.6429, 3.97296 ], [ -64.6629, 3.99699 ], [ -64.70744, 4.08296 ], [ -64.7271, 4.14078 ], [ -64.74191, 4.15719 ], [ -64.80126, 4.18853 ], [ -64.81304, 4.21057 ], [ -64.81291, 4.25279 ], [ -64.79162, 4.28442 ], [ -64.74594, 4.28762 ], [ -64.69987, 4.26416 ], [ -64.66098, 4.22747 ], [ -64.60822, 4.12649 ], [ -64.58967, 4.11887 ], [ -64.36498, 4.15187 ], [ -64.2406, 4.14202 ], [ -64.1467, 4.11055 ], [ -64.10815, 4.0581 ], [ -64.06381, 3.9116 ], [ -64.03766, 3.8825 ], [ -64.0, 3.88095 ] ] ], [ [ [ -65.20824, 10.9499 ], [ -65.3299, 10.97761 ], [ -65.3767, 10.96605 ], [ -65.40193, 10.94843 ], [ -65.41177, 10.92475 ], [ -65.38805, 10.90546 ], [ -65.37218, 10.91096 ], [ -65.31664, 10.8911 ], [ -65.27697, 10.88955 ], [ -65.23786, 10.89859 ], [ -65.24462, 10.88496 ], [ -65.20495, 10.90436 ], [ -65.20198, 10.91816 ], [ -65.2167, 10.9396 ], [ -65.20824, 10.9499 ] ] ], [ [ [ -66.5878, 11.78311 ], [ -66.60827, 11.78311 ], [ -66.60139, 11.80671 ], [ -66.6151, 11.82404 ], [ -66.65087, 11.78018 ], [ -66.67414, 11.77603 ], [ -66.7045, 11.78311 ], [ -66.67943, 11.76655 ], [ -66.64184, 11.76146 ], [ -66.60652, 11.76724 ], [ -66.5878, 11.78311 ] ] ], [ [ [ -66.10851, 11.82583 ], [ -66.19433, 11.81769 ], [ -66.17455, 11.79711 ], [ -66.14314, 11.78181 ], [ -66.114, 11.77993 ], [ -66.10119, 11.79979 ], [ -66.10294, 11.81928 ], [ -66.10851, 11.82583 ] ] ], [ [ [ -64.55679, 11.85733 ], [ -64.60717, 11.89912 ], [ -64.64879, 11.8513 ], [ -64.64879, 11.83027 ], [ -64.60558, 11.81802 ], [ -64.56286, 11.8166 ], [ -64.55285, 11.82372 ], [ -64.55679, 11.85733 ] ] ], [ [ [ -66.72802, 11.78205 ], [ -66.80956, 11.75296 ], [ -66.8546, 11.75137 ], [ -66.82779, 11.74624 ], [ -66.72802, 11.78205 ] ] ], [ [ [ -66.71178, 11.86791 ], [ -66.81786, 11.87108 ], [ -66.75381, 11.86237 ], [ -66.71178, 11.86791 ] ] ], [ [ [ -67.649, 11.98395 ], [ -67.67488, 11.98965 ], [ -67.66588, 11.982 ], [ -67.6376, 11.98005 ], [ -67.649, 11.98395 ] ] ], [ [ [ -67.68155, 12.02578 ], [ -67.68041, 12.02505 ], [ -67.67907, 12.02814 ], [ -67.68155, 12.02578 ] ] ], [ [ [ -67.67724, 12.03002 ], [ -67.6776, 12.02782 ], [ -67.67667, 12.02692 ], [ -67.67724, 12.03002 ] ] ], [ [ [ -67.67467, 12.04841 ], [ -67.67699, 12.04633 ], [ -67.6761, 12.04442 ], [ -67.67467, 12.04841 ] ] ], [ [ [ -67.68102, 12.06184 ], [ -67.68139, 12.06371 ], [ -67.68444, 12.06346 ], [ -67.68102, 12.06184 ] ] ], [ [ [ -67.68883, 12.069 ], [ -67.68733, 12.06558 ], [ -67.68708, 12.06753 ], [ -67.68883, 12.069 ] ] ], [ [ [ -64.15954, 10.8249 ], [ -64.20344, 10.8273 ], [ -64.21825, 10.82103 ], [ -64.22094, 10.80646 ], [ -64.20181, 10.79706 ], [ -64.17479, 10.79922 ], [ -64.15587, 10.81196 ], [ -64.15954, 10.8249 ] ] ] ] } }
]
}
