{
"type": "FeatureCollection",
"name": "ne_10m_coastline",
"features": [
{ "type": "Feature", "properties": { "featurecla": "Coastline" }, "geometry": { "type": "LineString", "coordinates": [ [ -80.05989, -2.66277 ], [ -80.13557, -2.69695 ], [ -80.1964, -2.71461 ], [ -80.21068, -2.72487 ], [ -80.22496, -2.76531 ], [ -80.25866, -2.82733 ], [ -80.2622, -2.84085 ], [ -80.2658, -2.96095 ], [ -80.27185, -2.99641 ], [ -80.26594, -3.01849 ], [ -80.2281, -3.03216 ], [ -80.20372, -3.03411 ], [ -80.16682, -3.01735 ], [ -80.13103, -3.02092 ], [ -80.109, -2.98358 ], [ -80.09376, -2.96927 ], [ -80.09437, -2.94586 ], [ -80.08115, -2.93085 ], [ -80.06493, -2.92424 ], [ -80.03371, -2.86123 ], [ -80.0231, -2.84303 ], [ -80.01268, -2.83416 ], [ -79.99519, -2.79803 ], [ -79.98111, -2.7846 ], [ -79.97794, -2.77581 ], [ -79.92764, -2.75416 ], [ -79.90722, -2.73235 ], [ -79.90282, -2.71746 ], [ -79.94579, -2.70664 ], [ -80.01452, -2.66424 ], [ -80.05989, -2.66277 ] ] } },
{ "type": "Feature", "properties": { "featurecla": "Coastline" }, "geometry": { "type": "LineString", "coordinates": [ [ -78.90168, 1.37417 ], [ -78.98078, 1.30834 ], [ -78.99543, 1.28681 ], [ -78.9921, 1.2683 ], [ -78.9569, 1.23631 ], [ -78.93639, 1.25682 ], [ -78.91251, 1.24527 ], [ -78.89928, 1.27143 ], [ -78.89444, 1.31265 ], [ -78.89542, 1.34618 ], [ -78.90168, 1.37417 ] ] } },
{ "type": "Feature", "properties": { "featurecla": "Coastline" }, "geometry": { "type": "LineString", "coordinates": [ [ -78.13142, 2.62726 ], [ -78.12898, 2.63369 ], [ -78.1317, 2.64619 ], [ -78.13952, 2.65542 ], [ -78.14509, 2.67375 ], [ -78.16592, 2.68552 ], [ -78.18768, 2.67829 ], [ -78.20489, 2.68734 ], [ -78.21487, 2.68191 ], [ -78.2167, 2.67015 ], [ -78.19497, 2.63214 ], [ -78.1997, 2.62153 ], [ -78.21329, 2.61074 ], [ -78.21642, 2.59687 ], [ -78.20702, 2.57534 ], [ -78.18456, 2.5454 ], [ -78.15758, 2.51813 ], [ -78.13443, 2.50438 ], [ -78.10729, 2.51252 ], [ -78.09618, 2.54003 ], [ -78.09728, 2.57217 ], [ -78.10656, 2.59382 ], [ -78.13142, 2.62726 ] ] } },
{ "type": "Feature", "properties": { "featurecla": "Coastline" }, "geometry": { "type": "LineString", "coordinates": [ [ -77.90233, 2.69623 ], [ -77.91637, 2.69721 ], [ -77.92024, 2.67975 ], [ -77.91405, 2.65868 ], [ -77.89859, 2.64838 ], [ -77.88073, 2.64643 ], [ -77.8675, 2.63984 ], [ -77.86718, 2.62718 ], [ -77.88805, 2.60741 ], [ -77.88069, 2.6 ], [ -77.88805, 2.59382 ], [ -77.86974, 2.58442 ], [ -77.83991, 2.57734 ], [ -77.80842, 2.5786 ], [ -77.78502, 2.59382 ], [ -77.85049, 2.63813 ], [ -77.88801, 2.68745 ], [ -77.90233, 2.69623 ] ] } },
{ "type": "Feature", "properties": { "featurecla": "Coastline" }, "geometry": { "type": "LineString", "coordinates": [ [ -77.80614, 2.66205 ], [ -77.8192, 2.69623 ], [ -77.84708, 2.72411 ], [ -77.8601, 2.70987 ], [ -77.88256, 2.7246 ], [ -77.88512, 2.71963 ], [ -77.88069, 2.69623 ], [ -77.84708, 2.64838 ], [ -77.80175, 2.61396 ], [ -77.77587, 2.60102 ], [ -77.7591, 2.60309 ], [ -77.75414, 2.61799 ], [ -77.80614, 2.66205 ] ] } },
{ "type": "Feature", "properties": { "featurecla": "Coastline" }, "geometry": { "type": "LineString", "coordinates": [ [ -79.81569, -7.0 ], [ -79.86626, -6.94975 ], [ -79.87748, -6.92898 ], [ -79.93155, -6.88348 ], [ -79.94538, -6.85203 ], [ -79.94902, -6.82009 ], [ -79.96468, -6.78736 ], [ -79.98841, -6.75785 ], [ -80.00455, -6.7409 ], [ -80.11892, -6.65061 ], [ -80.2981, -6.54445 ], [ -80.79053, -6.29969 ], [ -80.85313, -6.2395 ], [ -80.92607, -6.18939 ], [ -81.01389, -6.13907 ], [ -81.10146, -6.07207 ], [ -81.13081, -6.03456 ], [ -81.15142, -5.97587 ], [ -81.15022, -5.88307 ], [ -81.12941, -5.86581 ], [ -81.11885, -5.83991 ], [ -81.09634, -5.83856 ], [ -81.08579, -5.81551 ], [ -81.08467, -5.79968 ], [ -81.07519, -5.78679 ], [ -81.0575, -5.78797 ], [ -81.03828, -5.8181 ], [ -80.97159, -5.84596 ], [ -80.93993, -5.85084 ], [ -80.90339, -5.81463 ], [ -80.86401, -5.74394 ], [ -80.85621, -5.65046 ], [ -80.88122, -5.57387 ], [ -80.93182, -5.46382 ], [ -81.0722, -5.31892 ], [ -81.09446, -5.31304 ], [ -81.10759, -5.31746 ], [ -81.13161, -5.3004 ], [ -81.19848, -5.2081 ], [ -81.18688, -5.19002 ], [ -81.17371, -5.1846 ], [ -81.16599, -5.16433 ], [ -81.17782, -5.14286 ], [ -81.17669, -5.12989 ], [ -81.16262, -5.12634 ], [ -81.1714, -5.0873 ], [ -81.16277, -5.07257 ], [ -81.14694, -5.07463 ], [ -81.12913, -5.06469 ], [ -81.11257, -5.08158 ], [ -81.08276, -5.07921 ], [ -81.06759, -5.0572 ], [ -81.06335, -5.02204 ], [ -81.08502, -4.97449 ], [ -81.11808, -4.94065 ], [ -81.14941, -4.91703 ], [ -81.1895, -4.85154 ], [ -81.2234, -4.80649 ], [ -81.30349, -4.72072 ], [ -81.33756, -4.6783 ], [ -81.33269, -4.66445 ], [ -81.30525, -4.64357 ], [ -81.31652, -4.60125 ], [ -81.30748, -4.53427 ], [ -81.32893, -4.47666 ], [ -81.32482, -4.4616 ], [ -81.30134, -4.44166 ], [ -81.29381, -4.43043 ], [ -81.27953, -4.39642 ], [ -81.27916, -4.37363 ], [ -81.29381, -4.31756 ], [ -81.28897, -4.29778 ], [ -81.26403, -4.25237 ], [ -81.2528, -4.2387 ], [ -81.16564, -4.17938 ], [ -81.14297, -4.15618 ], [ -81.12434, -4.12322 ], [ -81.11034, -4.1076 ], [ -81.07331, -4.09677 ], [ -81.06249, -4.08571 ], [ -81.04674, -4.05316 ], [ -80.99291, -3.9721 ], [ -80.96158, -3.93939 ], [ -80.92382, -3.90984 ], [ -80.88292, -3.8869 ], [ -80.86779, -3.87274 ], [ -80.85237, -3.80828 ], [ -80.83446, -3.77321 ], [ -80.80761, -3.73943 ], [ -80.77172, -3.71014 ], [ -80.61311, -3.61566 ], [ -80.58458, -3.58807 ], [ -80.54231, -3.52614 ], [ -80.53624, -3.5053 ], [ -80.49372, -3.48919 ], [ -80.42418, -3.49147 ], [ -80.40502, -3.48724 ], [ -80.38451, -3.47869 ], [ -80.36823, -3.46551 ], [ -80.35871, -3.4367 ], [ -80.34105, -3.40325 ], [ -80.34411, -3.37884 ], [ -80.34105, -3.36858 ], [ -80.32763, -3.36053 ], [ -80.30687, -3.32073 ], [ -80.32055, -3.35556 ], [ -80.31432, -3.37607 ], [ -80.30232, -3.36679 ], [ -80.2967, -3.33538 ], [ -80.28645, -3.32073 ], [ -80.2591, -3.34808 ], [ -80.17317, -3.32757 ], [ -80.14517, -3.33123 ], [ -80.13557, -3.32757 ], [ -80.10827, -3.29681 ], [ -80.07046, -3.21819 ], [ -80.05989, -3.20403 ], [ -80.03751, -3.20827 ], [ -80.03287, -3.23211 ], [ -80.03995, -3.27988 ], [ -80.0292, -3.27353 ], [ -80.00894, -3.24188 ], [ -79.96801, -3.21461 ], [ -79.9532, -3.19744 ], [ -79.94347, -3.17653 ], [ -79.93334, -3.11541 ], [ -79.91706, -3.07928 ], [ -79.88341, -3.02549 ], [ -79.87487, -3.00547 ], [ -79.88484, -2.98805 ], [ -79.88121, -2.96543 ], [ -79.83458, -2.80682 ], [ -79.80138, -2.74098 ], [ -79.79768, -2.71771 ], [ -79.77644, -2.65944 ], [ -79.76496, -2.64227 ], [ -79.73497, -2.61159 ], [ -79.72643, -2.59385 ], [ -79.72509, -2.56976 ], [ -79.73152, -2.52508 ], [ -79.74503, -2.49017 ], [ -79.74828, -2.48463 ], [ -79.78148, -2.48496 ], [ -79.78954, -2.48105 ], [ -79.80163, -2.46258 ], [ -79.82091, -2.40895 ], [ -79.83947, -2.37705 ], [ -79.84044, -2.30462 ], [ -79.84756, -2.24505 ], [ -79.83983, -2.20957 ], [ -79.86189, -2.17962 ], [ -79.86864, -2.1609 ], [ -79.86803, -2.14886 ], [ -79.85412, -2.12029 ], [ -79.86189, -2.10801 ], [ -79.84642, -2.09173 ], [ -79.81835, -2.07985 ], [ -79.81347, -2.05641 ], [ -79.8059, -2.04518 ], [ -79.77286, -2.02663 ], [ -79.76561, -2.00498 ], [ -79.83137, -2.04355 ], [ -79.83458, -2.07 ], [ -79.87434, -2.07537 ], [ -79.8817, -2.08375 ], [ -79.89196, -2.1159 ], [ -79.90046, -2.15594 ], [ -79.90184, -2.18483 ], [ -79.89574, -2.2138 ], [ -79.86531, -2.26678 ], [ -79.86303, -2.29713 ], [ -79.87857, -2.49188 ], [ -79.88915, -2.53248 ], [ -79.89611, -2.54339 ], [ -79.93322, -2.58025 ], [ -79.94933, -2.58514 ], [ -79.984, -2.60516 ], [ -79.9984, -2.60817 ], [ -80.00845, -2.6032 ], [ -80.01431, -2.58978 ], [ -80.02229, -2.58709 ], [ -80.04369, -2.58945 ], [ -80.06359, -2.57724 ], [ -80.06892, -2.5608 ], [ -80.05553, -2.54518 ], [ -80.02571, -2.52508 ], [ -80.01212, -2.48903 ], [ -80.00178, -2.48016 ], [ -79.97484, -2.47723 ], [ -79.95495, -2.49765 ], [ -79.94376, -2.4983 ], [ -79.93419, -2.49261 ], [ -79.92968, -2.48414 ], [ -79.93635, -2.46299 ], [ -79.94083, -2.48398 ], [ -79.95434, -2.47959 ], [ -79.97794, -2.45672 ], [ -79.99987, -2.45924 ], [ -80.03433, -2.47389 ], [ -80.03995, -2.45989 ], [ -80.03576, -2.43792 ], [ -80.01696, -2.3952 ], [ -80.00894, -2.35882 ], [ -79.97794, -2.34743 ], [ -79.95002, -2.30722 ], [ -79.95922, -2.30967 ], [ -79.98314, -2.32708 ], [ -80.01268, -2.32643 ], [ -80.03287, -2.34637 ], [ -80.07604, -2.4577 ], [ -80.14428, -2.55332 ], [ -80.17512, -2.58668 ], [ -80.20759, -2.60076 ], [ -80.22256, -2.62322 ], [ -80.2318, -2.62868 ], [ -80.24136, -2.62851 ], [ -80.25536, -2.61159 ], [ -80.27001, -2.60508 ], [ -80.27961, -2.61256 ], [ -80.28311, -2.62908 ], [ -80.27961, -2.64918 ], [ -80.24852, -2.67986 ], [ -80.24503, -2.68816 ], [ -80.24543, -2.72112 ], [ -80.25548, -2.73024 ], [ -80.27843, -2.72715 ], [ -80.32055, -2.71063 ], [ -80.39631, -2.64918 ], [ -80.4298, -2.64235 ], [ -80.46788, -2.61793 ], [ -80.57409, -2.49285 ], [ -80.65665, -2.41579 ], [ -80.71805, -2.39126 ], [ -80.75052, -2.39236 ], [ -80.80346, -2.37477 ], [ -80.82189, -2.36639 ], [ -80.86392, -2.32928 ], [ -80.88598, -2.3209 ], [ -80.91364, -2.31878 ], [ -80.92121, -2.30975 ], [ -80.92711, -2.27597 ], [ -80.9348, -2.26092 ], [ -80.965, -2.22332 ], [ -81.00206, -2.19362 ], [ -81.01301, -2.16692 ], [ -81.00919, -2.16253 ], [ -81.00121, -2.16448 ], [ -80.9921, -2.1762 ], [ -80.94933, -2.18621 ], [ -80.9443, -2.20328 ], [ -80.93129, -2.21733 ], [ -80.90634, -2.21626 ], [ -80.87057, -2.2033 ], [ -80.81966, -2.16227 ], [ -80.7807, -2.14284 ], [ -80.74498, -2.10291 ], [ -80.73745, -2.0435 ], [ -80.75155, -2.0132 ], [ -80.76252, -1.97389 ], [ -80.75808, -1.96346 ], [ -80.73319, -1.95377 ], [ -80.73021, -1.92938 ], [ -80.73302, -1.90399 ], [ -80.76057, -1.79755 ], [ -80.78213, -1.73699 ], [ -80.81225, -1.69158 ], [ -80.83576, -1.63356 ], [ -80.84952, -1.61582 ], [ -80.85558, -1.58831 ], [ -80.85155, -1.57692 ], [ -80.81649, -1.55225 ], [ -80.82055, -1.49993 ], [ -80.79962, -1.4808 ], [ -80.77086, -1.47783 ], [ -80.75978, -1.41386 ], [ -80.76429, -1.39089 ], [ -80.76002, -1.3766 ], [ -80.74266, -1.36816 ], [ -80.74426, -1.34377 ], [ -80.83359, -1.23123 ], [ -80.88215, -1.14577 ], [ -80.91618, -1.06552 ], [ -80.90961, -1.04492 ], [ -80.87051, -1.00694 ], [ -80.83045, -0.95933 ], [ -80.82719, -0.95067 ], [ -80.81637, -0.94634 ], [ -80.7882, -0.95062 ], [ -80.76117, -0.93655 ], [ -80.74602, -0.93977 ], [ -80.72225, -0.93113 ], [ -80.72437, -0.93989 ], [ -80.706, -0.94852 ], [ -80.69087, -0.94959 ], [ -80.66384, -0.9263 ], [ -80.65304, -0.92306 ], [ -80.64332, -0.9371 ], [ -80.61632, -0.94141 ], [ -80.59148, -0.93169 ], [ -80.56988, -0.91224 ], [ -80.54721, -0.88849 ], [ -80.51591, -0.74209 ], [ -80.49756, -0.69244 ], [ -80.46247, -0.61793 ], [ -80.44897, -0.60606 ], [ -80.42199, -0.5996 ], [ -80.41984, -0.62551 ], [ -80.40582, -0.64603 ], [ -80.3788, -0.65789 ], [ -80.29901, -0.66223 ], [ -80.299, -0.65036 ], [ -80.35718, -0.63628 ], [ -80.3777, -0.63628 ], [ -80.39174, -0.62549 ], [ -80.41556, -0.57375 ], [ -80.42958, -0.56835 ], [ -80.43713, -0.55754 ], [ -80.43822, -0.53383 ], [ -80.44898, -0.50568 ], [ -80.45206, -0.47674 ], [ -80.46624, -0.44517 ], [ -80.4846, -0.42359 ], [ -80.49646, -0.38137 ], [ -80.48565, -0.36722 ], [ -80.46516, -0.36525 ], [ -80.43272, -0.33919 ], [ -80.39135, -0.27435 ], [ -80.38878, -0.26084 ], [ -80.37123, -0.22283 ], [ -80.34966, -0.21526 ], [ -80.3237, -0.17317 ], [ -80.30535, -0.18937 ], [ -80.28372, -0.17857 ], [ -80.23185, -0.1397 ], [ -80.17233, -0.07488 ], [ -80.1079, 0.00707 ], [ -80.09878, 0.03921 ], [ -80.06646, 0.05221 ], [ -80.05135, 0.08999 ], [ -80.04272, 0.12346 ], [ -80.03698, 0.17597 ], [ -80.04621, 0.24262 ], [ -80.04849, 0.3183 ], [ -80.03653, 0.35708 ], [ -80.02111, 0.34691 ], [ -80.01268, 0.32453 ], [ -80.00524, 0.32453 ], [ -80.00373, 0.33706 ], [ -79.99096, 0.36546 ], [ -79.99332, 0.37812 ], [ -80.01268, 0.40021 ], [ -80.03645, 0.43915 ], [ -80.04357, 0.45893 ], [ -80.04621, 0.47907 ], [ -80.04337, 0.50121 ], [ -80.01891, 0.53803 ], [ -80.01696, 0.55891 ], [ -80.03637, 0.62523 ], [ -80.0454, 0.63715 ], [ -80.05944, 0.64468 ], [ -80.09032, 0.65217 ], [ -80.10497, 0.67967 ], [ -80.10863, 0.7381 ], [ -80.09728, 0.78034 ], [ -80.07584, 0.81615 ], [ -80.04621, 0.83967 ], [ -80.02912, 0.83104 ], [ -80.01448, 0.82929 ], [ -79.98131, 0.83222 ], [ -79.96642, 0.83649 ], [ -79.94677, 0.8548 ], [ -79.89387, 0.87104 ], [ -79.86217, 0.87641 ], [ -79.84333, 0.89057 ], [ -79.82339, 0.89745 ], [ -79.79296, 0.92162 ], [ -79.76561, 0.95515 ], [ -79.68196, 0.98493 ], [ -79.65575, 1.00361 ], [ -79.64997, 0.9842 ], [ -79.67007, 0.92162 ], [ -79.66544, 0.90668 ], [ -79.63532, 0.88007 ], [ -79.61486, 0.84528 ], [ -79.63121, 0.89012 ], [ -79.6483, 0.90742 ], [ -79.64216, 0.92788 ], [ -79.64143, 0.97199 ], [ -79.63268, 0.98603 ], [ -79.61486, 0.99608 ], [ -79.57177, 0.98371 ], [ -79.52448, 1.01044 ], [ -79.45653, 1.07246 ], [ -79.43505, 1.07803 ], [ -79.36465, 1.07246 ], [ -79.33316, 1.08348 ], [ -79.29605, 1.08503 ], [ -79.27221, 1.09296 ], [ -79.24816, 1.08027 ], [ -79.21984, 1.08421 ], [ -79.16576, 1.0998 ], [ -79.14733, 1.10956 ], [ -79.07185, 1.20954 ], [ -79.05724, 1.21752 ], [ -79.03258, 1.20905 ], [ -79.01305, 1.19278 ], [ -79.00048, 1.17231 ], [ -78.99376, 1.14789 ], [ -78.99169, 1.1197 ], [ -78.97256, 1.12983 ], [ -78.96215, 1.14468 ], [ -78.95458, 1.20734 ], [ -78.92894, 1.24315 ], [ -78.91979, 1.23066 ], [ -78.90168, 1.23631 ], [ -78.89265, 1.24478 ], [ -78.88801, 1.27045 ], [ -78.87169, 1.28897 ], [ -78.85505, 1.29165 ], [ -78.81286, 1.27729 ], [ -78.82014, 1.29173 ], [ -78.85896, 1.29857 ], [ -78.87499, 1.30524 ], [ -78.88195, 1.31928 ], [ -78.87849, 1.33246 ], [ -78.8697, 1.34414 ], [ -78.83235, 1.38133 ], [ -78.82657, 1.3946 ], [ -78.82868, 1.43431 ], [ -78.81286, 1.4418 ], [ -78.81957, 1.4597 ], [ -78.85448, 1.49018 ], [ -78.85334, 1.54336 ], [ -78.86071, 1.5585 ], [ -78.8671, 1.56029 ], [ -78.8996, 1.54533 ], [ -78.91812, 1.56431 ], [ -78.93108, 1.56616 ], [ -78.99798, 1.60794 ], [ -79.02151, 1.63831 ], [ -79.01661, 1.65496 ], [ -79.00877, 1.66476 ], [ -78.97348, 1.67553 ], [ -78.95584, 1.69218 ], [ -78.92644, 1.74118 ], [ -78.86665, 1.80491 ], [ -78.84605, 1.82159 ], [ -78.79939, 1.83202 ], [ -78.77684, 1.82844 ], [ -78.75945, 1.83055 ], [ -78.69726, 1.81208 ], [ -78.61264, 1.80131 ], [ -78.59097, 1.78348 ], [ -78.58079, 1.7803 ], [ -78.57123, 1.78221 ], [ -78.56673, 1.81977 ], [ -78.55333, 1.83441 ], [ -78.5463, 1.85988 ], [ -78.55407, 1.87621 ], [ -78.5454, 1.91474 ], [ -78.54835, 1.92061 ], [ -78.55848, 1.90417 ], [ -78.5715, 1.89681 ], [ -78.59137, 1.89684 ], [ -78.59763, 1.90988 ], [ -78.59821, 1.92857 ], [ -78.58633, 2.00039 ], [ -78.58959, 2.0091 ], [ -78.60802, 2.02798 ], [ -78.61799, 2.03144 ], [ -78.62902, 2.02534 ], [ -78.6372, 2.01236 ], [ -78.64747, 1.98064 ], [ -78.65824, 1.97499 ], [ -78.66561, 1.98292 ], [ -78.67068, 2.03099 ], [ -78.68299, 2.06504 ], [ -78.70055, 2.14674 ], [ -78.70316, 2.18981 ], [ -78.67936, 2.24168 ], [ -78.6723, 2.26719 ], [ -78.64538, 2.27827 ], [ -78.63695, 2.30659 ], [ -78.58568, 2.40314 ], [ -78.57409, 2.43317 ], [ -78.55899, 2.44916 ], [ -78.5653, 2.43256 ], [ -78.56627, 2.41551 ], [ -78.55899, 2.38154 ], [ -78.54491, 2.42674 ], [ -78.5362, 2.47515 ], [ -78.52505, 2.49551 ], [ -78.50646, 2.49087 ], [ -78.43222, 2.58703 ], [ -78.41089, 2.59533 ], [ -78.37196, 2.63229 ], [ -78.34602, 2.64799 ], [ -78.33397, 2.64705 ], [ -78.3136, 2.59708 ], [ -78.2775, 2.54251 ], [ -78.25475, 2.5419 ], [ -78.27101, 2.60444 ], [ -78.27008, 2.63495 ], [ -78.26174, 2.64974 ], [ -78.24693, 2.6636 ], [ -78.23583, 2.64602 ], [ -78.22843, 2.6155 ], [ -78.23492, 2.59332 ], [ -78.20775, 2.53734 ], [ -78.1844, 2.5152 ], [ -78.13248, 2.49274 ], [ -78.12295, 2.49364 ], [ -78.10656, 2.50438 ], [ -78.08666, 2.51057 ], [ -78.08528, 2.51606 ], [ -78.08136, 2.57749 ], [ -78.08966, 2.608 ], [ -78.10536, 2.6422 ], [ -78.0961, 2.65145 ], [ -78.0739, 2.64682 ], [ -78.06372, 2.65421 ], [ -78.00449, 2.65511 ], [ -77.96928, 2.67637 ], [ -77.94984, 2.67452 ], [ -77.93586, 2.66205 ], [ -77.91759, 2.63227 ], [ -77.90689, 2.62946 ], [ -77.88805, 2.63471 ], [ -77.90543, 2.59821 ], [ -77.90429, 2.57998 ], [ -77.88435, 2.57209 ], [ -77.83967, 2.56586 ], [ -77.77794, 2.5777 ], [ -77.76041, 2.59162 ], [ -77.75121, 2.60961 ], [ -77.75154, 2.62726 ], [ -77.76891, 2.65717 ], [ -77.78336, 2.67137 ], [ -77.7987, 2.67573 ], [ -77.7987, 2.68187 ], [ -77.77819, 2.68187 ], [ -77.77819, 2.6894 ], [ -77.79133, 2.69196 ], [ -77.7976, 2.69872 ], [ -77.79776, 2.70767 ], [ -77.79247, 2.7167 ], [ -77.80289, 2.71939 ], [ -77.8063, 2.72553 ], [ -77.7987, 2.74396 ], [ -77.81176, 2.74848 ], [ -77.81237, 2.76447 ], [ -77.79479, 2.75727 ], [ -77.7683, 2.77334 ], [ -77.73355, 2.78612 ], [ -77.73721, 2.79173 ], [ -77.74551, 2.79316 ], [ -77.76195, 2.78559 ], [ -77.77074, 2.78559 ], [ -77.78576, 2.79483 ], [ -77.76456, 2.81566 ], [ -77.72322, 2.80874 ], [ -77.70934, 2.81224 ], [ -77.69628, 2.79173 ], [ -77.68883, 2.79173 ], [ -77.6986, 2.81314 ], [ -77.73542, 2.8225 ], [ -77.72354, 2.84016 ], [ -77.70816, 2.84846 ], [ -77.68025, 2.85366 ], [ -77.66832, 2.8675 ], [ -77.65071, 2.85912 ], [ -77.64171, 2.84638 ], [ -77.63606, 2.86961 ], [ -77.6577, 2.8769 ], [ -77.68822, 2.8725 ], [ -77.70934, 2.86066 ], [ -77.71491, 2.87568 ], [ -77.71569, 2.89753 ], [ -77.71007, 2.91812 ], [ -77.69628, 2.92894 ], [ -77.68261, 2.92731 ], [ -77.66519, 2.90925 ], [ -77.64338, 2.89814 ], [ -77.6197, 2.93159 ], [ -77.62393, 2.94798 ], [ -77.64171, 2.95624 ], [ -77.63109, 2.97797 ], [ -77.62316, 2.98184 ], [ -77.62735, 2.99103 ], [ -77.6339, 2.99486 ], [ -77.64977, 2.99555 ], [ -77.65465, 3.00471 ], [ -77.65754, 2.99584 ], [ -77.65465, 2.99103 ], [ -77.66544, 2.98456 ], [ -77.67663, 2.98233 ], [ -77.68541, 2.98591 ], [ -77.68883, 2.99726 ], [ -77.72354, 2.96992 ], [ -77.72179, 2.982 ], [ -77.64771, 3.07385 ], [ -77.57143, 3.13808 ], [ -77.53963, 3.19684 ], [ -77.52512, 3.20135 ], [ -77.50866, 3.19457 ], [ -77.50182, 3.22337 ], [ -77.48575, 3.22138 ], [ -77.47968, 3.22746 ], [ -77.48544, 3.2377 ], [ -77.5008, 3.24476 ], [ -77.5386, 3.23712 ], [ -77.54179, 3.24608 ], [ -77.50524, 3.28249 ], [ -77.46486, 3.30163 ], [ -77.47766, 3.31315 ], [ -77.47655, 3.33364 ], [ -77.45739, 3.35615 ], [ -77.44546, 3.36323 ], [ -77.43562, 3.36099 ], [ -77.40486, 3.36717 ], [ -77.38097, 3.38764 ], [ -77.35851, 3.34577 ], [ -77.34374, 3.32941 ], [ -77.31892, 3.31997 ], [ -77.32348, 3.33112 ], [ -77.36563, 3.38565 ], [ -77.36705, 3.40209 ], [ -77.36246, 3.41779 ], [ -77.35302, 3.42984 ], [ -77.34268, 3.41205 ], [ -77.33609, 3.40717 ], [ -77.33316, 3.41181 ], [ -77.34618, 3.43602 ], [ -77.32628, 3.49067 ], [ -77.33316, 3.51179 ], [ -77.31273, 3.51179 ], [ -77.31867, 3.49555 ], [ -77.31615, 3.48037 ], [ -77.30028, 3.48656 ], [ -77.28283, 3.48517 ], [ -77.26427, 3.47085 ], [ -77.26944, 3.48794 ], [ -77.28478, 3.4975 ], [ -77.27172, 3.50495 ], [ -77.29898, 3.51179 ], [ -77.29101, 3.52367 ], [ -77.27794, 3.51797 ], [ -77.27489, 3.53278 ], [ -77.28905, 3.53807 ], [ -77.32575, 3.53221 ], [ -77.32177, 3.54784 ], [ -77.31054, 3.5502 ], [ -77.27794, 3.54588 ], [ -77.29898, 3.55899 ], [ -77.27794, 3.56639 ], [ -77.28478, 3.58063 ], [ -77.24376, 3.5869 ], [ -77.24861, 3.57152 ], [ -77.20962, 3.58063 ], [ -77.22387, 3.58421 ], [ -77.22716, 3.59101 ], [ -77.2049, 3.62124 ], [ -77.1892, 3.66258 ], [ -77.16955, 3.65225 ], [ -77.15128, 3.66572 ], [ -77.11828, 3.67805 ], [ -77.13394, 3.68305 ], [ -77.16055, 3.67621 ], [ -77.17081, 3.67719 ], [ -77.17492, 3.69269 ], [ -77.13573, 3.70441 ], [ -77.12645, 3.71723 ], [ -77.18541, 3.7036 ], [ -77.19872, 3.71003 ], [ -77.20295, 3.72549 ], [ -77.19542, 3.75821 ], [ -77.16739, 3.73794 ], [ -77.15233, 3.7331 ], [ -77.12564, 3.73355 ], [ -77.13537, 3.7425 ], [ -77.16344, 3.74535 ], [ -77.17492, 3.75821 ], [ -77.14444, 3.75959 ], [ -77.13366, 3.76675 ], [ -77.12645, 3.77871 ], [ -77.142, 3.78848 ], [ -77.15148, 3.80044 ], [ -77.15038, 3.81367 ], [ -77.13394, 3.82709 ], [ -77.12149, 3.81635 ], [ -77.12027, 3.79914 ], [ -77.10562, 3.81346 ], [ -77.11449, 3.85261 ], [ -77.06859, 3.86774 ], [ -77.04601, 3.90278 ], [ -77.03156, 3.91584 ], [ -77.03156, 3.92206 ], [ -77.09301, 3.909 ], [ -77.09301, 3.91584 ], [ -77.07934, 3.92206 ], [ -77.10464, 3.92178 ], [ -77.12645, 3.92951 ], [ -77.12304, 3.88614 ], [ -77.18114, 3.85297 ], [ -77.25316, 3.84081 ], [ -77.29162, 3.86058 ], [ -77.28954, 3.86982 ], [ -77.27522, 3.87775 ], [ -77.27172, 3.8854 ], [ -77.31176, 3.90843 ], [ -77.31163, 3.92756 ], [ -77.3002, 3.96914 ], [ -77.29507, 3.97797 ], [ -77.28478, 3.98408 ], [ -77.27042, 3.9864 ], [ -77.26089, 3.98314 ], [ -77.26, 3.97541 ], [ -77.27172, 3.96426 ], [ -77.20962, 3.97728 ], [ -77.20962, 3.98408 ], [ -77.24376, 3.97728 ], [ -77.23229, 4.00121 ], [ -77.20539, 4.03262 ], [ -77.1892, 4.06733 ], [ -77.20474, 4.0681 ], [ -77.20962, 4.08031 ], [ -77.22492, 4.07697 ], [ -77.26427, 4.10822 ], [ -77.25853, 4.08763 ], [ -77.26427, 4.06733 ], [ -77.28161, 4.07355 ], [ -77.29898, 4.06733 ], [ -77.29898, 4.05988 ], [ -77.29377, 4.055 ], [ -77.29898, 4.0456 ], [ -77.31892, 4.05305 ], [ -77.31583, 4.03425 ], [ -77.31892, 4.00654 ], [ -77.32632, 3.98139 ], [ -77.33971, 3.96442 ], [ -77.34618, 3.92951 ], [ -77.36213, 3.92805 ], [ -77.37466, 3.93643 ], [ -77.37979, 3.95002 ], [ -77.37352, 3.96426 ], [ -77.42504, 4.00458 ], [ -77.43517, 4.02936 ], [ -77.43041, 4.04401 ], [ -77.40827, 4.0456 ], [ -77.42398, 4.06733 ], [ -77.43114, 4.09439 ], [ -77.43517, 4.15522 ], [ -77.42667, 4.18037 ], [ -77.41511, 4.19017 ], [ -77.37755, 4.19359 ], [ -77.36962, 4.21393 ], [ -77.34805, 4.22468 ], [ -77.33654, 4.22061 ], [ -77.31981, 4.20083 ], [ -77.3131, 4.19888 ], [ -77.29898, 4.20319 ], [ -77.26496, 4.22875 ], [ -77.23632, 4.26533 ], [ -77.33654, 4.26874 ], [ -77.3872, 4.34724 ], [ -77.359, 4.38719 ], [ -77.34508, 4.44554 ], [ -77.33511, 4.46092 ], [ -77.31273, 4.47138 ], [ -77.31273, 4.47818 ], [ -77.33316, 4.47138 ], [ -77.31957, 4.54662 ], [ -77.31892, 4.68366 ], [ -77.31168, 4.66718 ], [ -77.29898, 4.65571 ], [ -77.29162, 4.68207 ], [ -77.29499, 4.69733 ], [ -77.31884, 4.70966 ], [ -77.32575, 4.75251 ], [ -77.30333, 4.74921 ], [ -77.2858, 4.73701 ], [ -77.26427, 4.70409 ], [ -77.25805, 4.70409 ], [ -77.26976, 4.73607 ], [ -77.31216, 4.78718 ], [ -77.31892, 4.82087 ], [ -77.34, 4.81338 ], [ -77.34862, 4.85419 ], [ -77.3605, 4.98249 ], [ -77.36669, 4.99893 ], [ -77.37287, 5.14916 ], [ -77.359, 5.21564 ], [ -77.34618, 5.24478 ], [ -77.36059, 5.25349 ], [ -77.3592, 5.29731 ], [ -77.3636, 5.30744 ], [ -77.37304, 5.31566 ], [ -77.37824, 5.33519 ], [ -77.38097, 5.37507 ], [ -77.39574, 5.37035 ], [ -77.40465, 5.3747 ], [ -77.40856, 5.38618 ], [ -77.40827, 5.40302 ], [ -77.40148, 5.40302 ], [ -77.39342, 5.39594 ], [ -77.38097, 5.40302 ], [ -77.39127, 5.40957 ], [ -77.39533, 5.41869 ], [ -77.40225, 5.45722 ], [ -77.40827, 5.4645 ], [ -77.43562, 5.47134 ], [ -77.46215, 5.50104 ], [ -77.47655, 5.50544 ], [ -77.50133, 5.50243 ], [ -77.50792, 5.49575 ], [ -77.51065, 5.48493 ], [ -77.52269, 5.49555 ], [ -77.55224, 5.49185 ], [ -77.55919, 5.50308 ], [ -77.55687, 5.51191 ], [ -77.5349, 5.51972 ], [ -77.52623, 5.53018 ], [ -77.50276, 5.57925 ], [ -77.49083, 5.59479 ], [ -77.44982, 5.60163 ], [ -77.4195, 5.62568 ], [ -77.40486, 5.62836 ], [ -77.35562, 5.6079 ], [ -77.33316, 5.6153 ], [ -77.32677, 5.62128 ], [ -77.31892, 5.64256 ], [ -77.31892, 5.66303 ], [ -77.30167, 5.66254 ], [ -77.2943, 5.67695 ], [ -77.26114, 5.70091 ], [ -77.24592, 5.7342 ], [ -77.24645, 5.78734 ], [ -77.26159, 5.8225 ], [ -77.3024, 5.88825 ], [ -77.31273, 5.89643 ], [ -77.31347, 5.9184 ], [ -77.35302, 6.02619 ], [ -77.36046, 6.02619 ], [ -77.36046, 5.99893 ], [ -77.36669, 5.99893 ], [ -77.3828, 6.04263 ], [ -77.40844, 6.08198 ], [ -77.46972, 6.15648 ], [ -77.48062, 6.17406 ], [ -77.48436, 6.18879 ], [ -77.48339, 6.2285 ], [ -77.4757, 6.28156 ], [ -77.48339, 6.29434 ], [ -77.47655, 6.30052 ], [ -77.43904, 6.26948 ], [ -77.41511, 6.23908 ], [ -77.40502, 6.24624 ], [ -77.39489, 6.26358 ], [ -77.38097, 6.30052 ], [ -77.37792, 6.35179 ], [ -77.38097, 6.36262 ], [ -77.39928, 6.38764 ], [ -77.39647, 6.39582 ], [ -77.37352, 6.4042 ], [ -77.36046, 6.38988 ], [ -77.35631, 6.40518 ], [ -77.35993, 6.41918 ], [ -77.3688, 6.43049 ], [ -77.38097, 6.43769 ], [ -77.38097, 6.44453 ], [ -77.36579, 6.47004 ], [ -77.36083, 6.48607 ], [ -77.36046, 6.50658 ], [ -77.34752, 6.52155 ], [ -77.34301, 6.54377 ], [ -77.34537, 6.56611 ], [ -77.35302, 6.58173 ], [ -77.41511, 6.6363 ], [ -77.40827, 6.68106 ], [ -77.41124, 6.69379 ], [ -77.46264, 6.72069 ], [ -77.48615, 6.71507 ], [ -77.50569, 6.70014 ], [ -77.51749, 6.68476 ], [ -77.51065, 6.67109 ], [ -77.53799, 6.66364 ], [ -77.5382, 6.68891 ], [ -77.53181, 6.71206 ], [ -77.57335, 6.80101 ], [ -77.59325, 6.82811 ], [ -77.62182, 6.85594 ], [ -77.63622, 6.86542 ], [ -77.66251, 6.87177 ], [ -77.67105, 6.87971 ], [ -77.68261, 6.87592 ], [ -77.68737, 6.85399 ], [ -77.69628, 6.84919 ], [ -77.70132, 6.91836 ], [ -77.69221, 6.94725 ], [ -77.66466, 6.95905 ], [ -77.65274, 6.97663 ], [ -77.66503, 7.01557 ], [ -77.69628, 7.07453 ], [ -77.70311, 7.07453 ], [ -77.68883, 7.05463 ], [ -77.68883, 7.04719 ], [ -77.69628, 7.04719 ], [ -77.71325, 7.0705 ], [ -77.78694, 7.14887 ], [ -77.82559, 7.16279 ], [ -77.83959, 7.18724 ], [ -77.85391, 7.19184 ], [ -77.84708, 7.19807 ], [ -77.85985, 7.20185 ], [ -77.87141, 7.21113 ], [ -77.88805, 7.23281 ], [ -77.91881, 7.24164 ], [ -77.94762, 7.26765 ], [ -77.99047, 7.32095 ], [ -78.01439, 7.34101 ], [ -78.01781, 7.35228 ], [ -78.00976, 7.38349 ], [ -78.01439, 7.39354 ], [ -78.02009, 7.39785 ], [ -78.02798, 7.38984 ], [ -78.03588, 7.39301 ], [ -78.03612, 7.40461 ], [ -78.03148, 7.40412 ], [ -78.04345, 7.42231 ], [ -78.04996, 7.42593 ], [ -78.0594, 7.41779 ], [ -78.06554, 7.41779 ], [ -78.08971, 7.44522 ], [ -78.11742, 7.46556 ], [ -78.12792, 7.48916 ], [ -78.14415, 7.49787 ], [ -78.15559, 7.52766 ], [ -78.16177, 7.52766 ], [ -78.16609, 7.51264 ], [ -78.16926, 7.55744 ], [ -78.17422, 7.57543 ], [ -78.1848, 7.57941 ], [ -78.19445, 7.57144 ], [ -78.19652, 7.5537 ], [ -78.20202, 7.56684 ], [ -78.19664, 7.58491 ], [ -78.20031, 7.60643 ], [ -78.2377, 7.64989 ], [ -78.25235, 7.66096 ], [ -78.27164, 7.66356 ], [ -78.26928, 7.67455 ], [ -78.27359, 7.68281 ], [ -78.29214, 7.69147 ], [ -78.2775, 7.72435 ], [ -78.27815, 7.73737 ], [ -78.31534, 7.79987 ], [ -78.32942, 7.84325 ], [ -78.39452, 7.91743 ], [ -78.40758, 7.94823 ], [ -78.41564, 7.98013 ], [ -78.41564, 8.01362 ], [ -78.43358, 8.0458 ], [ -78.43615, 8.05829 ], [ -78.43082, 8.07713 ], [ -78.41906, 8.0954 ], [ -78.4073, 8.1022 ], [ -78.39574, 8.06989 ], [ -78.38134, 8.06363 ], [ -78.36522, 8.06599 ], [ -78.35359, 8.07567 ], [ -78.32518, 8.06094 ], [ -78.28645, 8.08072 ], [ -78.25219, 8.1175 ], [ -78.23746, 8.15396 ], [ -78.23937, 8.17438 ], [ -78.24474, 8.18692 ], [ -78.29406, 8.2392 ], [ -78.30578, 8.24641 ], [ -78.30578, 8.25385 ], [ -78.27864, 8.25096 ], [ -78.25739, 8.26 ], [ -78.25739, 8.26752 ], [ -78.27164, 8.28115 ], [ -78.2613, 8.28474 ], [ -78.25739, 8.29483 ], [ -78.2307, 8.27436 ], [ -78.1997, 8.27436 ], [ -78.18293, 8.29792 ], [ -78.18293, 8.33576 ], [ -78.16177, 8.35627 ], [ -78.15754, 8.36555 ], [ -78.15559, 8.39411 ], [ -78.15136, 8.39948 ], [ -78.13248, 8.40534 ], [ -78.12829, 8.40095 ], [ -78.12084, 8.35627 ], [ -78.09455, 8.33906 ], [ -78.05101, 8.3225 ], [ -78.02489, 8.25971 ], [ -78.00255, 8.23701 ], [ -77.98742, 8.23334 ], [ -77.96129, 8.23802 ], [ -77.95352, 8.22378 ], [ -77.92907, 8.21288 ], [ -77.91539, 8.21288 ], [ -77.91539, 8.21906 ], [ -77.94473, 8.23054 ], [ -77.96255, 8.25385 ], [ -77.91259, 8.24433 ], [ -77.88598, 8.23469 ], [ -77.86901, 8.21548 ], [ -77.84508, 8.20258 ], [ -77.83967, 8.1955 ], [ -77.83556, 8.17011 ], [ -77.82925, 8.16279 ], [ -77.8192, 8.15766 ], [ -77.80842, 8.16376 ], [ -77.79727, 8.1577 ], [ -77.77815, 8.11579 ], [ -77.7626, 8.11188 ], [ -77.74641, 8.11636 ], [ -77.73721, 8.13032 ], [ -77.76513, 8.13007 ], [ -77.80187, 8.17438 ], [ -77.8192, 8.17129 ], [ -77.87059, 8.23579 ], [ -77.88069, 8.24331 ], [ -77.89542, 8.25153 ], [ -77.98428, 8.26752 ], [ -78.00593, 8.27603 ], [ -78.02318, 8.29047 ], [ -78.03474, 8.30964 ], [ -78.03893, 8.33234 ], [ -78.0607, 8.37592 ], [ -78.06705, 8.40274 ], [ -78.05191, 8.41767 ], [ -78.07478, 8.43452 ], [ -78.09415, 8.4593 ], [ -78.09854, 8.47578 ], [ -78.08666, 8.50023 ], [ -78.08812, 8.51276 ], [ -78.10289, 8.51805 ], [ -78.114, 8.52757 ], [ -78.12312, 8.55606 ], [ -78.13443, 8.56171 ], [ -78.13036, 8.55248 ], [ -78.12955, 8.52729 ], [ -78.1245, 8.51765 ], [ -78.10619, 8.50804 ], [ -78.10652, 8.47211 ], [ -78.08959, 8.4204 ], [ -78.09415, 8.41087 ], [ -78.10033, 8.41087 ], [ -78.13142, 8.45808 ], [ -78.14127, 8.46613 ], [ -78.15685, 8.46621 ], [ -78.17016, 8.45767 ], [ -78.17943, 8.44208 ], [ -78.18887, 8.40575 ], [ -78.20377, 8.39395 ], [ -78.24059, 8.38353 ], [ -78.24913, 8.38691 ], [ -78.25284, 8.39472 ], [ -78.25113, 8.41087 ], [ -78.24535, 8.41767 ], [ -78.21642, 8.43195 ], [ -78.20275, 8.42451 ], [ -78.20153, 8.45734 ], [ -78.2067, 8.48774 ], [ -78.22326, 8.54182 ], [ -78.2307, 8.54182 ], [ -78.2377, 8.52753 ], [ -78.21642, 8.50023 ], [ -78.21784, 8.48249 ], [ -78.23046, 8.45645 ], [ -78.22326, 8.44562 ], [ -78.22326, 8.43818 ], [ -78.23746, 8.43195 ], [ -78.24185, 8.44001 ], [ -78.25739, 8.45185 ], [ -78.26065, 8.46064 ], [ -78.25495, 8.46137 ], [ -78.24039, 8.4853 ], [ -78.24157, 8.49478 ], [ -78.25739, 8.50023 ], [ -78.25259, 8.48774 ], [ -78.25475, 8.48188 ], [ -78.2648, 8.47297 ], [ -78.27847, 8.44562 ], [ -78.29455, 8.44326 ], [ -78.30333, 8.45429 ], [ -78.31261, 8.48656 ], [ -78.32006, 8.47915 ], [ -78.32103, 8.46625 ], [ -78.33483, 8.44619 ], [ -78.35302, 8.4289 ], [ -78.36726, 8.42451 ], [ -78.37645, 8.44131 ], [ -78.38687, 8.50047 ], [ -78.39452, 8.5207 ], [ -78.38834, 8.53437 ], [ -78.39452, 8.53437 ], [ -78.39452, 8.52757 ], [ -78.40197, 8.52757 ], [ -78.40197, 8.54804 ], [ -78.40819, 8.54804 ], [ -78.41202, 8.5235 ], [ -78.39379, 8.47386 ], [ -78.3841, 8.42597 ], [ -78.36535, 8.41063 ], [ -78.36099, 8.39411 ], [ -78.38834, 8.33576 ], [ -78.39232, 8.34439 ], [ -78.41564, 8.35627 ], [ -78.43871, 8.38443 ], [ -78.44978, 8.39102 ], [ -78.44441, 8.40323 ], [ -78.44518, 8.42109 ], [ -78.45665, 8.45185 ], [ -78.46809, 8.44013 ], [ -78.47086, 8.42451 ], [ -78.4864, 8.44782 ], [ -78.49136, 8.47337 ], [ -78.48396, 8.50707 ], [ -78.49079, 8.52448 ], [ -78.53173, 8.576 ], [ -78.49592, 8.57075 ], [ -78.48396, 8.576 ], [ -78.50031, 8.58869 ], [ -78.50585, 8.59907 ], [ -78.50438, 8.63402 ], [ -78.56648, 8.65107 ], [ -78.55899, 8.67097 ], [ -78.56558, 8.67178 ], [ -78.57331, 8.66474 ], [ -78.58153, 8.67011 ], [ -78.60375, 8.66474 ], [ -78.61254, 8.66975 ], [ -78.61889, 8.68146 ], [ -78.62792, 8.70572 ], [ -78.61368, 8.71723 ], [ -78.60839, 8.73534 ], [ -78.61425, 8.7746 ], [ -78.62169, 8.7746 ], [ -78.61974, 8.72354 ], [ -78.63476, 8.72622 ], [ -78.65152, 8.70795 ], [ -78.6822, 8.74775 ], [ -78.70987, 8.7473 ], [ -78.7294, 8.75934 ], [ -78.74938, 8.80183 ], [ -78.76513, 8.81558 ], [ -78.76513, 8.82241 ], [ -78.75764, 8.82241 ], [ -78.75764, 8.82925 ], [ -78.77245, 8.83356 ], [ -78.79988, 8.86335 ], [ -78.79015, 8.83356 ], [ -78.79646, 8.82347 ], [ -78.82787, 8.81314 ], [ -78.838, 8.81696 ], [ -78.85757, 8.83979 ], [ -78.87389, 8.89118 ], [ -79.00528, 8.95954 ], [ -79.05761, 8.97101 ], [ -79.08723, 8.99433 ], [ -79.08849, 9.0041 ], [ -79.07982, 9.02473 ], [ -79.08088, 9.06281 ], [ -79.08886, 9.0738 ], [ -79.10774, 9.07563 ], [ -79.10774, 9.08308 ], [ -79.08629, 9.08462 ], [ -79.06989, 9.09333 ], [ -79.05858, 9.10716 ], [ -79.05248, 9.12401 ], [ -79.04625, 9.12401 ], [ -79.03742, 9.1105 ], [ -79.0277, 9.11103 ], [ -79.01155, 9.12401 ], [ -78.98217, 9.13642 ], [ -78.97737, 9.14517 ], [ -79.00528, 9.13833 ], [ -79.02892, 9.1166 ], [ -79.03694, 9.11961 ], [ -79.04263, 9.13109 ], [ -79.05248, 9.13085 ], [ -79.0878, 9.09203 ], [ -79.11417, 9.08755 ], [ -79.11905, 9.0832 ], [ -79.12072, 9.07563 ], [ -79.11457, 9.06879 ], [ -79.09, 9.05638 ], [ -79.08723, 9.03531 ], [ -79.10212, 9.00601 ], [ -79.11608, 8.99413 ], [ -79.16234, 9.00739 ], [ -79.16828, 9.01984 ], [ -79.17349, 9.02253 ], [ -79.17601, 9.01073 ], [ -79.19298, 9.00519 ], [ -79.27335, 9.01927 ], [ -79.30573, 9.01415 ], [ -79.30573, 9.02098 ], [ -79.33031, 9.01341 ], [ -79.38683, 9.01887 ], [ -79.40933, 9.00739 ], [ -79.4182, 9.01415 ], [ -79.42748, 9.01337 ], [ -79.482, 8.99836 ], [ -79.48469, 8.989 ], [ -79.49108, 8.98347 ], [ -79.5192, 8.96638 ], [ -79.52221, 8.94229 ], [ -79.53287, 8.93911 ], [ -79.51183, 8.89814 ], [ -79.54113, 8.92329 ], [ -79.55468, 8.94208 ], [ -79.56017, 8.95954 ], [ -79.5664, 8.95954 ], [ -79.56017, 8.9453 ], [ -79.56017, 8.93911 ], [ -79.5664, 8.93911 ], [ -79.55919, 8.91429 ], [ -79.56387, 8.89277 ], [ -79.57848, 8.88227 ], [ -79.60119, 8.89069 ], [ -79.64684, 8.88264 ], [ -79.6612, 8.87523 ], [ -79.65575, 8.85712 ], [ -79.68065, 8.86762 ], [ -79.69054, 8.86335 ], [ -79.7036, 8.87018 ], [ -79.69677, 8.84968 ], [ -79.71394, 8.85261 ], [ -79.73021, 8.84431 ], [ -79.75202, 8.81558 ], [ -79.75626, 8.79629 ], [ -79.75202, 8.73676 ], [ -79.73835, 8.72281 ], [ -79.7508, 8.6896 ], [ -79.76594, 8.67182 ], [ -79.79101, 8.66323 ], [ -79.79296, 8.65107 ], [ -79.82631, 8.63852 ], [ -79.81369, 8.62606 ], [ -79.77961, 8.61841 ], [ -79.69727, 8.65732 ], [ -79.70061, 8.64155 ], [ -79.7744, 8.57955 ], [ -79.86412, 8.55236 ], [ -79.87153, 8.54282 ], [ -79.86978, 8.53181 ], [ -79.87487, 8.5207 ], [ -79.89538, 8.51455 ], [ -79.91763, 8.49543 ], [ -79.93212, 8.48916 ], [ -79.9418, 8.4704 ], [ -79.9702, 8.44408 ], [ -80.08088, 8.37177 ], [ -80.12584, 8.34862 ] ] } },
{ "type": "Feature", "properties": { "featurecla": "Coastline" }, "geometry": { "type": "LineString", "coordinates": [ [ -77.35302, 4.26533 ], [ -77.38614, 4.31464 ], [ -77.40148, 4.32734 ], [ -77.42813, 4.34101 ], [ -77.43562, 4.32734 ], [ -77.41511, 4.3205 ], [ -77.44937, 4.30126 ], [ -77.45202, 4.29169 ], [ -77.42813, 4.28579 ], [ -77.46288, 4.28579 ], [ -77.43562, 4.25849 ], [ -77.48713, 4.26533 ], [ -77.49966, 4.26097 ], [ -77.5216, 4.24169 ], [ -77.54426, 4.23163 ], [ -77.54955, 4.20478 ], [ -77.54548, 4.19636 ], [ -77.50451, 4.21064 ], [ -77.48168, 4.23444 ], [ -77.4663, 4.23737 ], [ -77.43407, 4.23212 ], [ -77.38158, 4.23163 ], [ -77.33316, 4.24482 ], [ -77.31566, 4.22272 ], [ -77.30297, 4.2176 ], [ -77.29003, 4.22944 ], [ -77.27172, 4.25849 ], [ -77.29117, 4.26236 ], [ -77.33243, 4.25503 ], [ -77.35302, 4.26533 ] ] } },
{ "type": "Feature", "properties": { "featurecla": "Coastline" }, "geometry": { "type": "LineString", "coordinates": [ [ -81.80773, 7.28742 ], [ -81.81078, 7.29413 ], [ -81.81916, 7.28872 ], [ -81.81456, 7.27997 ], [ -81.81623, 7.27131 ], [ -81.80089, 7.22598 ], [ -81.79345, 7.22598 ], [ -81.80089, 7.239 ], [ -81.77904, 7.27749 ], [ -81.76671, 7.28742 ], [ -81.798, 7.29108 ], [ -81.80773, 7.28742 ] ] } },
{ "type": "Feature", "properties": { "featurecla": "Coastline" }, "geometry": { "type": "LineString", "coordinates": [ [ -81.14916, 7.56118 ], [ -81.17439, 7.53144 ], [ -81.22273, 7.52106 ], [ -81.25194, 7.49042 ], [ -81.21809, 7.4997 ], [ -81.19074, 7.49348 ], [ -81.17089, 7.51337 ], [ -81.14297, 7.52766 ], [ -81.12926, 7.54531 ], [ -81.10985, 7.54706 ], [ -81.08275, 7.53384 ], [ -81.07502, 7.53535 ], [ -81.05285, 7.54462 ], [ -81.03307, 7.57543 ], [ -81.06159, 7.57559 ], [ -81.08772, 7.58161 ], [ -81.11807, 7.57453 ], [ -81.14916, 7.56118 ] ] } },
{ "type": "Feature", "properties": { "featurecla": "Coastline" }, "geometry": { "type": "LineString", "coordinates": [ [ -81.66438, 7.39728 ], [ -81.67789, 7.39159 ], [ -81.68444, 7.39501 ], [ -81.69473, 7.42398 ], [ -81.71272, 7.44009 ], [ -81.71898, 7.45254 ], [ -81.70836, 7.49348 ], [ -81.67052, 7.51024 ], [ -81.67178, 7.52635 ], [ -81.69103, 7.54068 ], [ -81.70531, 7.54068 ], [ -81.70531, 7.5537 ], [ -81.7152, 7.56802 ], [ -81.71618, 7.57966 ], [ -81.73884, 7.64427 ], [ -81.74535, 7.6433 ], [ -81.74625, 7.63687 ], [ -81.75251, 7.63687 ], [ -81.75251, 7.64427 ], [ -81.75992, 7.64427 ], [ -81.75251, 7.6164 ], [ -81.75992, 7.6164 ], [ -81.76037, 7.62018 ], [ -81.79833, 7.59422 ], [ -81.82445, 7.58535 ], [ -81.82999, 7.57616 ], [ -81.83438, 7.54751 ], [ -81.8487, 7.52021 ], [ -81.8828, 7.51679 ], [ -81.87511, 7.49042 ], [ -81.86465, 7.47846 ], [ -81.84187, 7.43081 ], [ -81.80004, 7.39558 ], [ -81.78075, 7.38422 ], [ -81.74625, 7.34886 ], [ -81.68423, 7.34138 ], [ -81.6494, 7.32152 ], [ -81.62816, 7.3216 ], [ -81.588, 7.33519 ], [ -81.62206, 7.39387 ], [ -81.6525, 7.39102 ], [ -81.66438, 7.39728 ] ] } },
{ "type": "Feature", "properties": { "featurecla": "Coastline" }, "geometry": { "type": "LineString", "coordinates": [ [ -82.21178, 8.1992 ], [ -82.22012, 8.21206 ], [ -82.27383, 8.23334 ], [ -82.30647, 8.22407 ], [ -82.31566, 8.21491 ], [ -82.30797, 8.1992 ], [ -82.27383, 8.1918 ], [ -82.24596, 8.17129 ], [ -82.25341, 8.20234 ], [ -82.24706, 8.20673 ], [ -82.21178, 8.1992 ] ] } },
{ "type": "Feature", "properties": { "featurecla": "Coastline" }, "geometry": { "type": "LineString", "coordinates": [ [ -82.34276, 8.26 ], [ -82.34276, 8.26752 ], [ -82.32706, 8.26288 ], [ -82.31721, 8.26756 ], [ -82.31652, 8.27733 ], [ -82.32848, 8.28799 ], [ -82.35001, 8.29365 ], [ -82.40193, 8.25715 ], [ -82.4309, 8.26 ], [ -82.41251, 8.23102 ], [ -82.38646, 8.21288 ], [ -82.31481, 8.24018 ], [ -82.34276, 8.26 ] ] } },
{ "type": "Feature", "properties": { "featurecla": "Coastline" }, "geometry": { "type": "LineString", "coordinates": [ [ -79.09406, 8.3085 ], [ -79.10037, 8.3174 ], [ -79.11243, 8.31741 ], [ -79.1245, 8.30326 ], [ -79.12941, 8.28724 ], [ -79.12565, 8.27755 ], [ -79.13056, 8.25669 ], [ -79.13697, 8.25744 ], [ -79.14, 8.2444 ], [ -79.12271, 8.20898 ], [ -79.10952, 8.21047 ], [ -79.10868, 8.22393 ], [ -79.09851, 8.22988 ], [ -79.09845, 8.23847 ], [ -79.10453, 8.2444 ], [ -79.10379, 8.25296 ], [ -79.09128, 8.25968 ], [ -79.08039, 8.25483 ], [ -79.06574, 8.26076 ], [ -79.083, 8.27419 ], [ -79.09406, 8.3085 ] ] } },
{ "type": "Feature", "properties": { "featurecla": "Coastline" }, "geometry": { "type": "LineString", "coordinates": [ [ -68.78075, 12.09781 ], [ -68.80403, 12.11701 ], [ -68.81184, 12.12934 ], [ -68.82079, 12.16234 ], [ -68.83528, 12.17105 ], [ -68.96129, 12.20136 ], [ -69.00402, 12.22167 ], [ -69.04076, 12.25605 ], [ -69.04996, 12.27611 ], [ -69.06041, 12.32258 ], [ -69.07152, 12.34138 ], [ -69.10778, 12.36782 ], [ -69.15624, 12.39061 ], [ -69.16613, 12.38784 ], [ -69.17174, 12.37889 ], [ -69.16381, 12.36188 ], [ -69.1643, 12.30695 ], [ -69.15954, 12.29336 ], [ -69.12267, 12.26903 ], [ -69.0786, 12.20425 ], [ -69.02721, 12.19009 ], [ -69.00744, 12.14818 ], [ -68.97777, 12.12458 ], [ -68.94473, 12.10562 ], [ -68.89342, 12.09052 ], [ -68.84118, 12.05549 ], [ -68.81481, 12.04316 ], [ -68.76985, 12.04291 ], [ -68.74865, 12.04702 ], [ -68.73974, 12.05305 ], [ -68.78075, 12.09781 ] ] } },
{ "type": "Feature", "properties": { "featurecla": "Coastline" }, "geometry": { "type": "MultiLineString", "coordinates": [ [ [ -80.57934, 9.08069 ], [ -80.50677, 9.11089 ], [ -80.40832, 9.14226 ], [ -80.29259, 9.15135 ], [ -80.23493, 9.17927 ], [ -80.19994, 9.18317 ], [ -80.12971, 9.2062 ], [ -80.10082, 9.22232 ], [ -80.0652, 9.26248 ], [ -80.00082, 9.32052 ], [ -79.9985, 9.3318 ], [ -79.97894, 9.36335 ], [ -79.94744, 9.37285 ], [ -79.94376, 9.36359 ], [ -79.94376, 9.31586 ], [ -79.92943, 9.30414 ], [ -79.91918, 9.30317 ], [ -79.90905, 9.30842 ], [ -79.9016, 9.32665 ], [ -79.90026, 9.34683 ], [ -79.89468, 9.35643 ], [ -79.87487, 9.34317 ], [ -79.8817, 9.37726 ], [ -79.87487, 9.37108 ], [ -79.86803, 9.37726 ], [ -79.8804, 9.39464 ], [ -79.87121, 9.4042 ], [ -79.85979, 9.39908 ], [ -79.8409, 9.40071 ], [ -79.81862, 9.39103 ], [ -79.79296, 9.34935 ], [ -79.80272, 9.40058 ], [ -79.79296, 9.4182 ], [ -79.77815, 9.43159 ], [ -79.74828, 9.44253 ], [ -79.73152, 9.45303 ], [ -79.71465, 9.47984 ], [ -79.69063, 9.4958 ], [ -79.67737, 9.54561 ], [ -79.65968, 9.55237 ], [ -79.65166, 9.55969 ], [ -79.65648, 9.56496 ], [ -79.6765, 9.55842 ], [ -79.68216, 9.56453 ], [ -79.66984, 9.57289 ], [ -79.66448, 9.58337 ], [ -79.65003, 9.58961 ], [ -79.63034, 9.60847 ], [ -79.61221, 9.61367 ], [ -79.59624, 9.61152 ], [ -79.55097, 9.62929 ], [ -79.53287, 9.62434 ], [ -79.52245, 9.59528 ], [ -79.53287, 9.58954 ], [ -79.53287, 9.58332 ], [ -79.52306, 9.57905 ], [ -79.5192, 9.56908 ], [ -79.50499, 9.58332 ], [ -79.46398, 9.56908 ], [ -79.45653, 9.59638 ], [ -79.44457, 9.58381 ], [ -79.42984, 9.58954 ], [ -79.39189, 9.5805 ], [ -79.33605, 9.57436 ], [ -79.23971, 9.54552 ], [ -79.19376, 9.5396 ], [ -79.15627, 9.55496 ], [ -79.11604, 9.55189 ], [ -79.08007, 9.56158 ], [ -78.97058, 9.57331 ], [ -78.95731, 9.56528 ], [ -78.95736, 9.55403 ], [ -78.97451, 9.54474 ], [ -78.98686, 9.54714 ], [ -78.99687, 9.53968 ], [ -79.05487, 9.53196 ], [ -79.06586, 9.51372 ], [ -79.05806, 9.45793 ], [ -79.0405, 9.45223 ], [ -79.02432, 9.45591 ], [ -79.01389, 9.45118 ], [ -78.97728, 9.45712 ], [ -78.95259, 9.45466 ], [ -78.92462, 9.44423 ], [ -78.90331, 9.42292 ], [ -78.88291, 9.4253 ], [ -78.86488, 9.4224 ], [ -78.85254, 9.42375 ], [ -78.84724, 9.43308 ], [ -78.83634, 9.43538 ], [ -78.81784, 9.43108 ], [ -78.78938, 9.43657 ], [ -78.78114, 9.44588 ], [ -78.75265, 9.44433 ], [ -78.72822, 9.45498 ], [ -78.71788, 9.44184 ], [ -78.70166, 9.43426 ], [ -78.68887, 9.43555 ], [ -78.6556, 9.4265 ], [ -78.63326, 9.42873 ], [ -78.62003, 9.41883 ], [ -78.6039, 9.41639 ], [ -78.56132, 9.43804 ], [ -78.54641, 9.43437 ], [ -78.51282, 9.41599 ], [ -78.47989, 9.416 ], [ -78.46345, 9.40461 ], [ -78.45261, 9.40883 ], [ -78.43771, 9.40435 ], [ -78.41595, 9.38431 ], [ -78.37832, 9.36575 ], [ -78.33834, 9.35601 ], [ -78.30273, 9.33331 ], [ -78.27749, 9.32188 ], [ -78.25486, 9.31739 ], [ -78.20802, 9.29034 ], [ -78.19235, 9.28761 ], [ -78.17665, 9.29006 ], [ -78.15492, 9.27949 ], [ -78.14191, 9.27771 ], [ -78.12371, 9.26636 ], [ -78.114, 9.25381 ], [ -78.05599, 9.24344 ], [ -78.0369, 9.23639 ], [ -78.02457, 9.22647 ], [ -78.02082, 9.21361 ], [ -77.99926, 9.19082 ], [ -77.96866, 9.18061 ], [ -77.93541, 9.14289 ], [ -77.89015, 9.07721 ], [ -77.85574, 9.05429 ], [ -77.87644, 9.10355 ], [ -77.87766, 9.11889 ], [ -77.8601, 9.11042 ], [ -77.83919, 9.0765 ], [ -77.81187, 9.05804 ], [ -77.80817, 9.03533 ], [ -77.77074, 9.00397 ], [ -77.76724, 8.99234 ], [ -77.74755, 8.97256 ], [ -77.74442, 8.96358 ], [ -77.75421, 8.94566 ], [ -77.73473, 8.92349 ], [ -77.72077, 8.89229 ], [ -77.71032, 8.88128 ], [ -77.70106, 8.88926 ], [ -77.69674, 8.88743 ], [ -77.69552, 8.87332 ], [ -77.67629, 8.86163 ], [ -77.63345, 8.81745 ], [ -77.61433, 8.80874 ], [ -77.63174, 8.8299 ], [ -77.63419, 8.83979 ], [ -77.62906, 8.84447 ], [ -77.60383, 8.81558 ], [ -77.57407, 8.79275 ], [ -77.57787, 8.77503 ], [ -77.55934, 8.75971 ], [ -77.55362, 8.77676 ], [ -77.54369, 8.77489 ], [ -77.5351, 8.75774 ], [ -77.54475, 8.7146 ], [ -77.50072, 8.68183 ], [ -77.47696, 8.66991 ], [ -77.4442, 8.66437 ], [ -77.4132, 8.66669 ], [ -77.3946, 8.67841 ], [ -77.38581, 8.66958 ], [ -77.37352, 8.66474 ], [ -77.36669, 8.67841 ], [ -77.35167, 8.66934 ], [ -77.34138, 8.63247 ], [ -77.29882, 8.57429 ], [ -77.27473, 8.49579 ], [ -77.20962, 8.45185 ], [ -77.15917, 8.43171 ], [ -77.14444, 8.42109 ], [ -77.05281, 8.27631 ], [ -77.03156, 8.26 ], [ -76.97631, 8.25385 ], [ -76.97012, 8.26675 ], [ -76.96203, 8.26655 ], [ -76.95613, 8.25654 ], [ -76.95641, 8.24018 ], [ -76.96264, 8.24018 ], [ -76.97008, 8.24641 ], [ -76.97012, 8.22134 ], [ -76.96312, 8.20368 ], [ -76.95084, 8.19709 ], [ -76.93529, 8.20539 ], [ -76.93529, 8.18496 ], [ -76.9217, 8.1992 ], [ -76.91759, 8.18895 ], [ -76.92711, 8.17276 ], [ -76.92854, 8.15766 ], [ -76.94896, 8.1645 ], [ -76.94253, 8.12885 ], [ -76.91832, 8.11392 ], [ -76.89574, 8.11725 ], [ -76.89371, 8.13654 ], [ -76.83226, 8.13654 ], [ -76.84362, 8.11799 ], [ -76.84655, 8.09553 ], [ -76.82543, 8.10301 ], [ -76.82543, 8.09553 ], [ -76.86022, 8.08251 ], [ -76.86022, 8.07567 ], [ -76.84529, 8.07152 ], [ -76.83707, 8.06249 ], [ -76.8391, 8.05463 ], [ -76.84923, 8.06232 ], [ -76.86644, 8.062 ], [ -76.83898, 8.03962 ], [ -76.83226, 8.02729 ], [ -76.88439, 8.04633 ], [ -76.9077, 8.04409 ], [ -76.9217, 8.02729 ], [ -76.92203, 8.02302 ], [ -76.91539, 8.02106 ], [ -76.93371, 7.96459 ], [ -76.90705, 7.92951 ], [ -76.85359, 7.91275 ], [ -76.79133, 7.9112 ], [ -76.76765, 7.91743 ], [ -76.75723, 7.92357 ], [ -76.74714, 7.9405 ], [ -76.75036, 7.9621 ], [ -76.73668, 7.98973 ], [ -76.73062, 8.05134 ], [ -76.732, 8.07929 ], [ -76.74413, 8.10301 ], [ -76.74767, 8.08999 ], [ -76.74413, 8.07567 ], [ -76.75036, 8.07567 ], [ -76.75919, 8.11469 ], [ -76.75939, 8.13788 ], [ -76.74791, 8.17154 ], [ -76.75178, 8.19294 ], [ -76.76464, 8.2259 ], [ -76.77017, 8.25849 ], [ -76.77009, 8.39802 ], [ -76.77481, 8.41669 ], [ -76.80207, 8.43016 ], [ -76.81859, 8.47915 ], [ -76.83861, 8.50043 ], [ -76.86998, 8.52155 ], [ -76.90648, 8.53864 ], [ -76.93529, 8.54182 ], [ -76.93529, 8.53437 ], [ -76.94717, 8.54548 ], [ -76.89371, 8.62035 ], [ -76.79475, 8.65107 ], [ -76.77062, 8.65298 ], [ -76.67321, 8.68041 ], [ -76.66023, 8.68745 ], [ -76.65477, 8.69575 ], [ -76.64875, 8.72801 ], [ -76.64049, 8.73363 ], [ -76.64049, 8.73981 ], [ -76.64733, 8.73981 ], [ -76.64733, 8.7473 ], [ -76.62824, 8.75047 ], [ -76.56045, 8.77538 ], [ -76.54686, 8.78457 ], [ -76.5028, 8.8288 ], [ -76.42821, 8.88447 ], [ -76.43554, 8.90257 ], [ -76.42687, 8.91055 ], [ -76.36612, 8.92544 ], [ -76.34252, 8.93911 ], [ -76.32396, 8.94135 ], [ -76.31554, 8.94774 ], [ -76.30126, 8.96979 ], [ -76.26427, 8.99632 ], [ -76.25626, 9.00739 ], [ -76.265, 9.04218 ], [ -76.25495, 9.07079 ], [ -76.19262, 9.13491 ], [ -76.18651, 9.14973 ], [ -76.17488, 9.23286 ], [ -76.16812, 9.24698 ], [ -76.11693, 9.26581 ], [ -76.11254, 9.27635 ], [ -76.11083, 9.31216 ], [ -76.0961, 9.3332 ], [ -76.07799, 9.34382 ], [ -76.00529, 9.36624 ], [ -75.97693, 9.38252 ], [ -75.95328, 9.4023 ], [ -75.9509, 9.42676 ], [ -75.9438, 9.44073 ], [ -75.92134, 9.43837 ], [ -75.90998, 9.42817 ], [ -75.84288, 9.43651 ], [ -75.81867, 9.44619 ], [ -75.81102, 9.44355 ], [ -75.79809, 9.43037 ], [ -75.79821, 9.4182 ], [ -75.82673, 9.42601 ], [ -75.84081, 9.42251 ], [ -75.85285, 9.41205 ], [ -75.83886, 9.40485 ], [ -75.82486, 9.41205 ], [ -75.8129, 9.39985 ], [ -75.81188, 9.39155 ], [ -75.76203, 9.42182 ], [ -75.73925, 9.42573 ], [ -75.67261, 9.40999 ], [ -75.62063, 9.45285 ], [ -75.59658, 9.49875 ], [ -75.57717, 9.56221 ], [ -75.57637, 9.62109 ], [ -75.58721, 9.64862 ], [ -75.60668, 9.66926 ], [ -75.61803, 9.68928 ], [ -75.63374, 9.68916 ], [ -75.65779, 9.70523 ], [ -75.67797, 9.70448 ], [ -75.70281, 9.69072 ], [ -75.70514, 9.70066 ], [ -75.64925, 9.75647 ], [ -75.63995, 9.78326 ], [ -75.62286, 9.83836 ], [ -75.62364, 9.86135 ], [ -75.59367, 9.94399 ], [ -75.58996, 9.98485 ], [ -75.57619, 10.04185 ], [ -75.57385, 10.07396 ], [ -75.58859, 10.10838 ], [ -75.58936, 10.12826 ], [ -75.58007, 10.13915 ], [ -75.5655, 10.14448 ], [ -75.54088, 10.18854 ], [ -75.53551, 10.23062 ], [ -75.53067, 10.24067 ], [ -75.604, 10.19612 ], [ -75.64379, 10.15438 ], [ -75.68488, 10.13152 ], [ -75.70358, 10.13443 ], [ -75.68892, 10.16797 ], [ -75.64644, 10.19351 ], [ -75.63085, 10.21345 ], [ -75.61632, 10.23753 ], [ -75.6151, 10.26952 ], [ -75.59215, 10.26862 ], [ -75.59935, 10.28563 ], [ -75.59215, 10.30272 ], [ -75.58381, 10.28238 ], [ -75.56338, 10.2871 ], [ -75.5157, 10.319 ], [ -75.52383, 10.39151 ], [ -75.53917, 10.3863 ], [ -75.5443, 10.39301 ], [ -75.55114, 10.41942 ], [ -75.55797, 10.41942 ], [ -75.5642, 10.40371 ], [ -75.57848, 10.39834 ], [ -75.5655, 10.43305 ], [ -75.5406, 10.44986 ], [ -75.50276, 10.48774 ], [ -75.52221, 10.43293 ], [ -75.5065, 10.4256 ], [ -75.49328, 10.43464 ], [ -75.48713, 10.45588 ], [ -75.48913, 10.50137 ], [ -75.49328, 10.50568 ], [ -75.51024, 10.50821 ], [ -75.50276, 10.52928 ], [ -75.50447, 10.55158 ], [ -75.50813, 10.55964 ], [ -75.52453, 10.56708 ], [ -75.50984, 10.58584 ], [ -75.47549, 10.59601 ], [ -75.45495, 10.61123 ], [ -75.46182, 10.63105 ], [ -75.43956, 10.64204 ], [ -75.42418, 10.6433 ], [ -75.42146, 10.65526 ], [ -75.41002, 10.66462 ], [ -75.4038, 10.68012 ], [ -75.37304, 10.6931 ], [ -75.30728, 10.70954 ], [ -75.29735, 10.71735 ], [ -75.27961, 10.74274 ], [ -75.27375, 10.74433 ], [ -75.25829, 10.73713 ], [ -75.25634, 10.73102 ], [ -75.26277, 10.72028 ], [ -75.25634, 10.71361 ], [ -75.25634, 10.70677 ], [ -75.2495, 10.70677 ], [ -75.22224, 10.73469 ], [ -75.22867, 10.75007 ], [ -75.22964, 10.76826 ], [ -75.2495, 10.74775 ], [ -75.27001, 10.7591 ], [ -75.27554, 10.77778 ], [ -75.2674, 10.79531 ], [ -75.23168, 10.80732 ], [ -75.21569, 10.82661 ], [ -75.17138, 10.83881 ], [ -75.10798, 10.88044 ], [ -75.06989, 10.88955 ], [ -75.04955, 10.90119 ], [ -75.03596, 10.91669 ], [ -75.03722, 10.93268 ], [ -75.02359, 10.97431 ], [ -75.0004, 10.9864 ], [ -74.98197, 10.98743 ], [ -74.96281, 10.99489 ], [ -74.92572, 11.02858 ], [ -74.92357, 11.04567 ], [ -74.86151, 11.04883 ], [ -74.84534, 11.06213 ], [ -74.85034, 11.10343 ], [ -74.84437, 11.10967 ], [ -74.64542, 11.03309 ], [ -74.52295, 10.99592 ], [ -74.40347, 10.98286 ], [ -74.29783, 10.9915 ], [ -74.31241, 10.98094 ], [ -74.36181, 10.97167 ], [ -74.45816, 10.97431 ], [ -74.49157, 10.97948 ], [ -74.50284, 10.97431 ], [ -74.50503, 10.94392 ], [ -74.51342, 10.9396 ], [ -74.51745, 10.92666 ], [ -74.48176, 10.85082 ], [ -74.49714, 10.85895 ], [ -74.52501, 10.88345 ], [ -74.53637, 10.87189 ], [ -74.54337, 10.88142 ], [ -74.56721, 10.88142 ], [ -74.58137, 10.88809 ], [ -74.58922, 10.88467 ], [ -74.59699, 10.86782 ], [ -74.60521, 10.83405 ], [ -74.60635, 10.80366 ], [ -74.6046, 10.78901 ], [ -74.59846, 10.78193 ], [ -74.58462, 10.78685 ], [ -74.57421, 10.82014 ], [ -74.56428, 10.83096 ], [ -74.5609, 10.81342 ], [ -74.54381, 10.80923 ], [ -74.54381, 10.76203 ], [ -74.52855, 10.75528 ], [ -74.51232, 10.75601 ], [ -74.49966, 10.76472 ], [ -74.49543, 10.78193 ], [ -74.50674, 10.77578 ], [ -74.51561, 10.77823 ], [ -74.52131, 10.78775 ], [ -74.5233, 10.80296 ], [ -74.51928, 10.81607 ], [ -74.50617, 10.83348 ], [ -74.50963, 10.84455 ], [ -74.48965, 10.84105 ], [ -74.47712, 10.82758 ], [ -74.47057, 10.80785 ], [ -74.46569, 10.75967 ], [ -74.45661, 10.74803 ], [ -74.44148, 10.74584 ], [ -74.39509, 10.7495 ], [ -74.36217, 10.7757 ], [ -74.33092, 10.83714 ], [ -74.33092, 10.87189 ], [ -74.31786, 10.902 ], [ -74.29735, 10.92935 ], [ -74.28991, 10.96747 ], [ -74.28043, 10.98973 ], [ -74.21491, 11.08698 ], [ -74.21784, 11.09882 ], [ -74.23595, 11.12515 ], [ -74.22851, 11.16275 ], [ -74.24218, 11.20026 ], [ -74.22851, 11.21768 ], [ -74.23595, 11.23066 ], [ -74.23363, 11.24116 ], [ -74.20177, 11.28205 ], [ -74.20055, 11.29271 ], [ -74.18749, 11.31696 ], [ -74.15901, 11.31513 ], [ -74.15184, 11.31973 ], [ -74.15339, 11.34365 ], [ -74.1459, 11.34365 ], [ -74.13907, 11.32372 ], [ -74.12609, 11.34365 ], [ -74.11864, 11.33739 ], [ -74.11242, 11.33739 ], [ -74.11242, 11.3579 ], [ -74.10245, 11.34992 ], [ -74.09488, 11.33442 ], [ -74.08385, 11.33063 ], [ -74.07413, 11.33539 ], [ -74.06542, 11.35175 ], [ -74.0572, 11.34365 ], [ -74.04971, 11.34365 ], [ -74.04792, 11.35082 ], [ -74.03799, 11.35639 ], [ -74.00463, 11.35529 ], [ -73.98526, 11.34781 ], [ -73.95104, 11.3203 ], [ -73.89778, 11.30768 ], [ -73.86539, 11.28901 ], [ -73.82604, 11.27676 ], [ -73.70515, 11.26826 ], [ -73.5924, 11.27704 ], [ -73.4025, 11.27725 ], [ -73.29239, 11.29401 ], [ -73.24576, 11.33088 ], [ -73.21496, 11.34894 ], [ -73.19567, 11.38158 ], [ -73.17903, 11.38862 ], [ -73.14525, 11.42552 ], [ -73.11189, 11.44042 ], [ -73.05484, 11.49396 ], [ -72.93399, 11.55679 ], [ -72.75967, 11.69709 ], [ -72.74132, 11.70795 ], [ -72.7047, 11.72036 ], [ -72.64391, 11.7333 ], [ -72.59797, 11.76195 ], [ -72.57746, 11.75605 ], [ -72.53433, 11.78164 ], [ -72.51163, 11.78925 ], [ -72.45206, 11.79133 ], [ -72.43346, 11.79609 ], [ -72.392, 11.82612 ], [ -72.35961, 11.83397 ], [ -72.31615, 11.86498 ], [ -72.26305, 11.88597 ], [ -72.23217, 11.91975 ], [ -72.21373, 11.97484 ], [ -72.17797, 12.02985 ], [ -72.16788, 12.06338 ], [ -72.13866, 12.10456 ], [ -72.13712, 12.12409 ], [ -72.14542, 12.20083 ], [ -72.16051, 12.21654 ], [ -72.17276, 12.22126 ], [ -72.17052, 12.23428 ], [ -72.16198, 12.24287 ], [ -72.13866, 12.25605 ], [ -72.10753, 12.24502 ], [ -72.00487, 12.26288 ], [ -71.96963, 12.25511 ], [ -71.97354, 12.23656 ], [ -72.01513, 12.194 ], [ -72.00015, 12.18622 ], [ -71.98485, 12.16096 ], [ -71.96727, 12.15302 ], [ -71.93761, 12.16645 ], [ -71.93253, 12.16975 ], [ -71.92325, 12.19408 ], [ -71.91442, 12.20279 ], [ -71.90526, 12.20767 ], [ -71.86803, 12.20824 ], [ -71.86364, 12.21784 ], [ -71.87833, 12.24604 ], [ -71.87108, 12.25605 ], [ -71.89273, 12.27778 ], [ -71.90526, 12.2827 ], [ -71.93065, 12.28189 ], [ -71.94685, 12.26903 ], [ -71.95303, 12.26903 ], [ -71.96052, 12.2827 ], [ -71.91478, 12.31363 ], [ -71.87792, 12.34479 ], [ -71.87125, 12.36262 ], [ -71.84439, 12.3653 ], [ -71.82909, 12.37621 ], [ -71.82091, 12.37788 ], [ -71.80907, 12.37214 ], [ -71.84008, 12.35171 ], [ -71.84313, 12.33808 ], [ -71.82287, 12.31981 ], [ -71.80285, 12.32368 ], [ -71.80321, 12.33588 ], [ -71.78173, 12.33796 ], [ -71.75109, 12.35619 ], [ -71.74405, 12.36762 ], [ -71.74079, 12.38573 ], [ -71.75182, 12.39081 ], [ -71.7482, 12.3994 ], [ -71.73253, 12.41022 ], [ -71.71345, 12.41372 ], [ -71.71984, 12.39598 ], [ -71.70421, 12.37922 ], [ -71.69982, 12.3653 ], [ -71.69359, 12.3653 ], [ -71.68545, 12.38272 ], [ -71.69677, 12.38813 ], [ -71.69164, 12.39338 ], [ -71.64074, 12.41596 ], [ -71.63093, 12.42739 ], [ -71.64338, 12.42597 ], [ -71.66877, 12.41372 ], [ -71.67911, 12.41698 ], [ -71.67732, 12.42479 ], [ -71.6588, 12.44038 ], [ -71.68008, 12.43838 ], [ -71.69359, 12.42739 ], [ -71.69188, 12.44343 ], [ -71.68615, 12.45466 ], [ -71.73453, 12.41372 ], [ -71.74079, 12.41991 ], [ -71.73054, 12.43806 ], [ -71.71573, 12.45352 ], [ -71.69726, 12.4643 ], [ -71.67561, 12.46833 ], [ -71.65616, 12.46532 ], [ -71.62609, 12.45148 ], [ -71.60416, 12.44721 ], [ -71.53161, 12.44721 ], [ -71.5113, 12.44326 ], [ -71.45958, 12.41372 ], [ -71.43908, 12.39619 ], [ -71.4261, 12.39256 ], [ -71.39025, 12.3933 ], [ -71.36124, 12.37446 ], [ -71.29516, 12.35847 ], [ -71.26183, 12.34186 ], [ -71.2423, 12.3277 ], [ -71.22716, 12.30541 ], [ -71.21906, 12.27827 ], [ -71.15844, 12.1767 ], [ -71.15172, 12.1496 ], [ -71.11388, 12.09439 ], [ -71.10749, 12.07494 ], [ -71.11368, 12.05239 ], [ -71.13809, 12.01581 ], [ -71.16491, 11.99616 ], [ -71.234, 11.95889 ], [ -71.25414, 11.93696 ], [ -71.29882, 11.92023 ], [ -71.32307, 11.85814 ], [ -71.34065, 11.82551 ], [ -71.34386, 11.80752 ], [ -71.33605, 11.78925 ], [ -71.37145, 11.78311 ], [ -71.37816, 11.75845 ], [ -71.40998, 11.75117 ], [ -71.46711, 11.72163 ], [ -71.50707, 11.70978 ], [ -71.67443, 11.68472 ], [ -71.86181, 11.62816 ], [ -71.90071, 11.62132 ], [ -71.94758, 11.60179 ], [ -71.96052, 11.59125 ], [ -71.9713, 11.55484 ], [ -71.97012, 11.51138 ], [ -71.93932, 11.38076 ], [ -71.85692, 11.21699 ], [ -71.79601, 11.13198 ], [ -71.76976, 11.10635 ], [ -71.6529, 11.04121 ], [ -71.62645, 11.01496 ], [ -71.62466, 11.00096 ], [ -71.67931, 10.98798 ], [ -71.67528, 11.00361 ], [ -71.68224, 11.01667 ], [ -71.69713, 11.02558 ], [ -71.74421, 11.03596 ], [ -71.76867, 11.01529 ], [ -71.7237, 10.97089 ], [ -71.71569, 10.95775 ], [ -71.72033, 10.91909 ], [ -71.71044, 10.87861 ], [ -71.69359, 10.83714 ], [ -71.67406, 10.80239 ], [ -71.64997, 10.77082 ], [ -71.61832, 10.74348 ], [ -71.57628, 10.7211 ], [ -71.5865, 10.69888 ], [ -71.59496, 10.65961 ], [ -71.61042, 10.63788 ], [ -71.60367, 10.61978 ], [ -71.61042, 10.59756 ], [ -71.60558, 10.58185 ], [ -71.63093, 10.51846 ], [ -71.62955, 10.45401 ], [ -71.64468, 10.44233 ], [ -71.67186, 10.43305 ], [ -71.69669, 10.40518 ], [ -71.72973, 10.39151 ], [ -71.75447, 10.371 ], [ -71.77904, 10.34174 ], [ -71.83698, 10.23444 ], [ -71.89159, 10.16218 ], [ -71.89769, 10.13923 ], [ -71.91291, 10.12897 ], [ -71.95303, 10.11774 ], [ -71.96906, 10.1057 ], [ -71.98249, 10.08828 ], [ -71.99181, 10.06745 ], [ -72.00048, 10.0253 ], [ -72.02355, 9.98542 ], [ -72.04369, 9.92959 ], [ -72.10945, 9.85615 ], [ -72.12438, 9.82608 ], [ -72.12133, 9.8122 ], [ -72.09024, 9.75462 ], [ -72.02196, 9.68574 ], [ -71.99893, 9.65473 ], [ -71.94685, 9.54116 ], [ -71.96483, 9.55109 ], [ -71.98786, 9.61005 ], [ -71.99523, 9.60383 ], [ -71.98786, 9.58954 ], [ -72.00097, 9.58515 ], [ -72.00829, 9.57587 ], [ -71.99352, 9.56924 ], [ -71.97789, 9.55589 ], [ -71.96548, 9.53815 ], [ -71.96052, 9.51789 ], [ -71.96752, 9.49824 ], [ -71.98371, 9.49746 ], [ -72.00202, 9.50776 ], [ -72.01513, 9.52131 ], [ -72.01928, 9.50288 ], [ -71.99523, 9.45921 ], [ -71.95726, 9.4903 ], [ -71.93639, 9.50019 ], [ -71.92638, 9.48029 ], [ -71.91893, 9.48029 ], [ -71.91893, 9.50019 ], [ -71.88166, 9.46296 ], [ -71.85277, 9.44986 ], [ -71.84439, 9.43936 ], [ -71.87475, 9.44526 ], [ -71.90075, 9.43456 ], [ -71.91381, 9.41258 ], [ -71.90526, 9.38471 ], [ -71.89159, 9.42573 ], [ -71.83357, 9.42573 ], [ -71.80826, 9.41047 ], [ -71.78474, 9.38178 ], [ -71.76085, 9.36473 ], [ -71.73453, 9.38471 ], [ -71.74079, 9.36359 ], [ -71.73038, 9.35541 ], [ -71.72802, 9.34809 ], [ -71.73396, 9.34345 ], [ -71.7482, 9.34317 ], [ -71.7482, 9.33633 ], [ -71.73583, 9.32486 ], [ -71.73449, 9.3076 ], [ -71.73998, 9.28937 ], [ -71.7482, 9.27485 ], [ -71.75821, 9.28339 ], [ -71.81652, 9.2333 ], [ -71.80704, 9.22549 ], [ -71.78506, 9.2403 ], [ -71.7755, 9.22647 ], [ -71.76212, 9.23383 ], [ -71.75447, 9.24698 ], [ -71.7447, 9.23762 ], [ -71.74938, 9.21629 ], [ -71.73453, 9.206 ], [ -71.75324, 9.20425 ], [ -71.75182, 9.19074 ], [ -71.73453, 9.16503 ], [ -71.75817, 9.13898 ], [ -71.76187, 9.13085 ], [ -71.75886, 9.12006 ], [ -71.71349, 9.09325 ], [ -71.71837, 9.08584 ], [ -71.68615, 9.06196 ], [ -71.6459, 9.04963 ], [ -71.6022, 9.0423 ], [ -71.55769, 9.04157 ], [ -71.5148, 9.04898 ], [ -71.37141, 9.09333 ], [ -71.27355, 9.13508 ], [ -71.24104, 9.15575 ], [ -71.22061, 9.17927 ], [ -71.20641, 9.23216 ], [ -71.18749, 9.24649 ], [ -71.15172, 9.28852 ], [ -71.11701, 9.29475 ], [ -71.09569, 9.30671 ], [ -71.07282, 9.31354 ], [ -71.06241, 9.32665 ], [ -71.05651, 9.34447 ], [ -71.05614, 9.36359 ], [ -71.07335, 9.41901 ], [ -71.07925, 9.50251 ], [ -71.09081, 9.54409 ], [ -71.09024, 9.55541 ], [ -71.06607, 9.58954 ], [ -71.06627, 9.602 ], [ -71.0487, 9.67276 ], [ -71.0487, 9.71992 ], [ -71.03506, 9.74038 ], [ -71.04186, 9.76089 ], [ -71.08617, 9.812 ], [ -71.09024, 9.83662 ], [ -71.07282, 9.84162 ], [ -71.06981, 9.85025 ], [ -71.07242, 9.85786 ], [ -71.16246, 9.97093 ], [ -71.18391, 9.9853 ], [ -71.20694, 9.98062 ], [ -71.22851, 10.07005 ], [ -71.24568, 10.11457 ], [ -71.26781, 10.15192 ], [ -71.30598, 10.1905 ], [ -71.32844, 10.20673 ], [ -71.36388, 10.21996 ], [ -71.3732, 10.23623 ], [ -71.38443, 10.27538 ], [ -71.41442, 10.31346 ], [ -71.4226, 10.34317 ], [ -71.4322, 10.35952 ], [ -71.46935, 10.4018 ], [ -71.47509, 10.42158 ], [ -71.46886, 10.43749 ], [ -71.46276, 10.48908 ], [ -71.4663, 10.50214 ], [ -71.52648, 10.54475 ], [ -71.54157, 10.56489 ], [ -71.54214, 10.59007 ], [ -71.53746, 10.59797 ], [ -71.50011, 10.628 ], [ -71.53287, 10.6765 ], [ -71.53531, 10.68635 ], [ -71.5279, 10.74095 ], [ -71.53136, 10.75267 ], [ -71.55578, 10.7757 ], [ -71.57307, 10.7993 ], [ -71.58312, 10.80296 ], [ -71.58312, 10.80923 ], [ -71.51, 10.81265 ], [ -71.47814, 10.80939 ], [ -71.44591, 10.79621 ], [ -71.43529, 10.81892 ], [ -71.45336, 10.87189 ], [ -71.4464, 10.88691 ], [ -71.42203, 10.90278 ], [ -71.41246, 10.91909 ], [ -71.44766, 10.9204 ], [ -71.45958, 10.92593 ], [ -71.4886, 10.9538 ], [ -71.50113, 10.96003 ], [ -71.45832, 10.97492 ], [ -71.41845, 10.98005 ], [ -71.33605, 10.98054 ], [ -71.29393, 10.98664 ], [ -71.17593, 11.03413 ], [ -71.12222, 11.06835 ], [ -71.06237, 11.0904 ], [ -70.8697, 11.19628 ], [ -70.71321, 11.23705 ], [ -70.68562, 11.24803 ], [ -70.66413, 11.23871 ], [ -70.62975, 11.2392 ], [ -70.51391, 11.25316 ], [ -70.49608, 11.26386 ], [ -70.48013, 11.28901 ], [ -70.49787, 11.27928 ], [ -70.50744, 11.26166 ], [ -70.51061, 11.28636 ], [ -70.48644, 11.29511 ], [ -70.43395, 11.2876 ], [ -70.40099, 11.29698 ], [ -70.32433, 11.33283 ], [ -70.28795, 11.35708 ], [ -70.23107, 11.35159 ], [ -70.18, 11.37637 ], [ -70.15901, 11.40143 ], [ -70.14517, 11.42894 ], [ -70.146, 11.45441 ], [ -70.15321, 11.46092 ], [ -70.1644, 11.46293 ], [ -70.15447, 11.46997 ], [ -70.12683, 11.46204 ], [ -70.09937, 11.42955 ], [ -70.08812, 11.43403 ], [ -70.07901, 11.45734 ], [ -70.06969, 11.45694 ], [ -70.03653, 11.4409 ], [ -70.03588, 11.46654 ], [ -70.04874, 11.47394 ], [ -70.04133, 11.48823 ], [ -70.05588, 11.4932 ], [ -70.05391, 11.50648 ], [ -70.09679, 11.5207 ], [ -70.11986, 11.52241 ], [ -70.12316, 11.52521 ], [ -70.11856, 11.53095 ], [ -70.0963, 11.53107 ], [ -70.10467, 11.53892 ], [ -70.14158, 11.55396 ], [ -70.1616, 11.56855 ], [ -70.12277, 11.5591 ], [ -70.05053, 11.52113 ], [ -70.02437, 11.51407 ], [ -70.0078, 11.51557 ], [ -69.97562, 11.5029 ], [ -69.95678, 11.51065 ], [ -69.94598, 11.51977 ], [ -69.9259, 11.51306 ], [ -69.92065, 11.49725 ], [ -69.91262, 11.49325 ], [ -69.89917, 11.49579 ], [ -69.89262, 11.47865 ], [ -69.85652, 11.45867 ], [ -69.8446, 11.43623 ], [ -69.81408, 11.4256 ], [ -69.79491, 11.43671 ], [ -69.78921, 11.451 ], [ -69.76, 11.46809 ], [ -69.74714, 11.48078 ], [ -69.74364, 11.50336 ], [ -69.76476, 11.53767 ], [ -69.76081, 11.55711 ], [ -69.76915, 11.56859 ], [ -69.79137, 11.64533 ], [ -69.81603, 11.69367 ], [ -69.82217, 11.69367 ], [ -69.82502, 11.67524 ], [ -69.833, 11.67723 ], [ -69.84952, 11.69367 ], [ -69.86262, 11.69038 ], [ -69.88024, 11.67324 ], [ -69.92772, 11.65843 ], [ -69.95006, 11.65668 ], [ -69.94514, 11.67324 ], [ -69.9855, 11.65526 ], [ -70.04149, 11.64863 ], [ -70.0738, 11.6319 ], [ -70.13834, 11.62596 ], [ -70.18651, 11.60269 ], [ -70.21178, 11.60908 ], [ -70.22989, 11.62788 ], [ -70.23314, 11.65274 ], [ -70.21736, 11.67267 ], [ -70.21239, 11.6872 ], [ -70.21947, 11.70112 ], [ -70.21947, 11.72785 ], [ -70.23314, 11.74836 ], [ -70.2058, 11.73469 ], [ -70.208, 11.77432 ], [ -70.21325, 11.78311 ], [ -70.22395, 11.7884 ], [ -70.24059, 11.76195 ], [ -70.24535, 11.77936 ], [ -70.26724, 11.8166 ], [ -70.27969, 11.83015 ], [ -70.28454, 11.85733 ], [ -70.30199, 11.85814 ], [ -70.28356, 11.93964 ], [ -70.26521, 11.97163 ], [ -70.25463, 12.00682 ], [ -70.21325, 12.05679 ], [ -70.21129, 12.10273 ], [ -70.2058, 12.11201 ], [ -70.1621, 12.1131 ], [ -70.14428, 12.11799 ], [ -70.06456, 12.18146 ], [ -70.04133, 12.194 ], [ -70.01773, 12.19892 ], [ -69.99031, 12.1848 ], [ -69.9442, 12.17451 ], [ -69.92536, 12.15961 ], [ -69.83532, 12.0152 ], [ -69.82217, 11.97484 ], [ -69.81676, 11.93244 ], [ -69.81591, 11.84638 ], [ -69.80858, 11.80362 ], [ -69.74714, 11.63227 ], [ -69.70031, 11.54019 ], [ -69.66584, 11.49775 ], [ -69.62361, 11.46776 ], [ -69.58869, 11.46304 ], [ -69.53726, 11.49868 ], [ -69.50007, 11.50873 ], [ -69.41552, 11.49559 ], [ -69.3767, 11.49405 ], [ -69.3356, 11.50873 ], [ -69.29092, 11.53335 ], [ -69.27042, 11.53604 ], [ -69.22948, 11.51557 ], [ -69.18541, 11.51557 ], [ -69.121, 11.48989 ], [ -69.10904, 11.49136 ], [ -69.10342, 11.48086 ], [ -69.09016, 11.46931 ], [ -69.06188, 11.45352 ], [ -69.01993, 11.44623 ], [ -68.86319, 11.45287 ], [ -68.84439, 11.44741 ], [ -68.79597, 11.40062 ], [ -68.75438, 11.37409 ], [ -68.70434, 11.35806 ], [ -68.69042, 11.357 ], [ -68.68448, 11.36164 ], [ -68.65567, 11.34789 ], [ -68.63996, 11.32221 ], [ -68.61522, 11.30341 ], [ -68.54052, 11.26504 ], [ -68.51797, 11.24934 ], [ -68.50007, 11.23241 ], [ -68.48351, 11.20694 ], [ -68.41759, 11.17914 ], [ -68.41076, 11.20026 ], [ -68.40331, 11.20026 ], [ -68.39029, 11.17914 ], [ -68.39794, 11.154 ], [ -68.38866, 11.12824 ], [ -68.34968, 11.07184 ], [ -68.28824, 10.95331 ], [ -68.27843, 10.92548 ], [ -68.28726, 10.91283 ], [ -68.31835, 10.93598 ], [ -68.33507, 10.9396 ], [ -68.35953, 10.93171 ], [ -68.37662, 10.91909 ], [ -68.34341, 10.91039 ], [ -68.26268, 10.90314 ], [ -68.23884, 10.88496 ], [ -68.24983, 10.86591 ], [ -68.26618, 10.8581 ], [ -68.31143, 10.85761 ], [ -68.32657, 10.84927 ], [ -68.33194, 10.82958 ], [ -68.33145, 10.80683 ], [ -68.31835, 10.74518 ], [ -68.2871, 10.6579 ], [ -68.24234, 10.57844 ], [ -68.20958, 10.53726 ], [ -68.17113, 10.50373 ], [ -68.12955, 10.48774 ], [ -68.00646, 10.48847 ], [ -67.94123, 10.46646 ], [ -67.89281, 10.48086 ], [ -67.8806, 10.47997 ], [ -67.87328, 10.47647 ], [ -67.86539, 10.45222 ], [ -67.84838, 10.47407 ], [ -67.81778, 10.48762 ], [ -67.77758, 10.496 ], [ -67.64501, 10.50601 ], [ -67.56017, 10.52827 ], [ -67.32608, 10.54995 ], [ -67.2434, 10.54662 ], [ -67.17003, 10.55598 ], [ -67.11303, 10.58552 ], [ -67.01236, 10.61123 ], [ -66.88585, 10.60952 ], [ -66.54157, 10.63272 ], [ -66.42785, 10.63085 ], [ -66.40486, 10.62084 ], [ -66.33397, 10.61123 ], [ -66.29516, 10.64671 ], [ -66.27587, 10.65217 ], [ -66.25178, 10.64859 ], [ -66.19058, 10.61742 ], [ -66.12458, 10.60196 ], [ -66.1044, 10.58442 ], [ -66.04654, 10.57648 ], [ -66.05382, 10.5624 ], [ -66.07616, 10.5489 ], [ -66.10241, 10.54076 ], [ -66.12169, 10.54295 ], [ -66.12222, 10.50703 ], [ -66.11828, 10.49795 ], [ -66.08751, 10.46662 ], [ -66.01183, 10.4086 ], [ -66.00426, 10.39899 ], [ -65.97094, 10.37885 ], [ -65.95287, 10.35163 ], [ -65.88207, 10.30956 ], [ -65.91015, 10.31167 ], [ -65.92992, 10.32319 ], [ -65.94416, 10.30956 ], [ -65.923, 10.28221 ], [ -65.89696, 10.28799 ], [ -65.87133, 10.27294 ], [ -65.8275, 10.23444 ], [ -65.80211, 10.22565 ], [ -65.71764, 10.22016 ], [ -65.7473, 10.23924 ], [ -65.84732, 10.2814 ], [ -65.86848, 10.30956 ], [ -65.58043, 10.18545 ], [ -65.4591, 10.14936 ], [ -65.16955, 10.09732 ], [ -65.12857, 10.07616 ], [ -65.08019, 10.06257 ], [ -65.08019, 10.05565 ], [ -65.17569, 10.08364 ], [ -65.16698, 10.0694 ], [ -65.14892, 10.05842 ], [ -65.128, 10.05134 ], [ -65.08397, 10.04751 ], [ -65.01684, 10.06708 ], [ -64.96349, 10.09732 ], [ -64.94359, 10.0998 ], [ -64.88834, 10.08983 ], [ -64.8142, 10.08511 ], [ -64.7766, 10.0904 ], [ -64.74812, 10.10688 ], [ -64.72863, 10.13605 ], [ -64.71703, 10.17235 ], [ -64.72183, 10.21402 ], [ -64.71703, 10.22761 ], [ -64.69933, 10.21381 ], [ -64.6761, 10.21332 ], [ -64.68346, 10.20368 ], [ -64.6966, 10.19969 ], [ -64.68517, 10.18602 ], [ -64.66763, 10.18732 ], [ -64.65762, 10.19668 ], [ -64.66861, 10.2071 ], [ -64.65709, 10.21524 ], [ -64.63142, 10.24811 ], [ -64.57242, 10.2617 ], [ -64.5799, 10.24811 ], [ -64.5594, 10.25434 ], [ -64.55224, 10.24234 ], [ -64.53148, 10.25434 ], [ -64.49055, 10.24067 ], [ -64.46837, 10.2486 ], [ -64.44017, 10.27627 ], [ -64.4086, 10.28437 ], [ -64.3767, 10.30077 ], [ -64.3767, 10.31025 ], [ -64.38223, 10.31696 ], [ -64.40958, 10.30467 ], [ -64.43277, 10.30598 ], [ -64.45495, 10.31342 ], [ -64.47004, 10.32319 ], [ -64.46337, 10.33283 ], [ -64.42907, 10.32319 ], [ -64.3806, 10.3437 ], [ -64.38353, 10.35651 ], [ -64.3806, 10.371 ], [ -64.40241, 10.371 ], [ -64.40241, 10.37849 ], [ -64.38126, 10.38622 ], [ -64.37108, 10.38223 ], [ -64.36461, 10.33832 ], [ -64.35741, 10.33869 ], [ -64.33971, 10.3642 ], [ -64.33918, 10.39069 ], [ -64.29918, 10.40648 ], [ -64.24718, 10.41987 ], [ -64.21056, 10.43928 ], [ -64.19774, 10.46865 ], [ -64.18855, 10.47761 ], [ -64.1656, 10.48086 ], [ -64.12767, 10.47761 ], [ -64.05183, 10.44794 ], [ -64.00487, 10.4479 ], [ -64.0, 10.44889 ] ], [ [ -64.0, 10.57948 ], [ -64.04548, 10.57026 ], [ -64.03185, 10.59007 ], [ -64.04629, 10.58959 ], [ -64.07274, 10.57026 ], [ -64.08617, 10.56712 ], [ -64.15551, 10.5727 ], [ -64.16906, 10.57026 ], [ -64.2154, 10.54377 ], [ -64.22427, 10.52041 ], [ -64.23388, 10.51504 ], [ -64.24913, 10.52045 ], [ -64.25609, 10.53335 ], [ -64.25772, 10.55939 ], [ -64.26671, 10.57909 ], [ -64.29768, 10.61986 ], [ -64.29255, 10.63788 ], [ -64.27473, 10.65058 ], [ -64.27074, 10.67267 ], [ -64.26456, 10.67267 ], [ -64.25475, 10.65493 ], [ -64.24079, 10.64606 ], [ -64.19628, 10.63788 ], [ -64.14476, 10.61742 ], [ -64.13121, 10.6197 ], [ -64.0725, 10.64789 ], [ -64.0489, 10.65217 ], [ -64.03185, 10.63788 ], [ -64.0, 10.63823 ] ] ] } },
{ "type": "Feature", "properties": { "featurecla": "Coastline" }, "geometry": { "type": "LineString", "coordinates": [ [ -69.99694, 12.57758 ], [ -70.04874, 12.63215 ], [ -70.06111, 12.62539 ], [ -70.04874, 12.58373 ], [ -70.06037, 12.55695 ], [ -70.06241, 12.54682 ], [ -70.05809, 12.53718 ], [ -70.02766, 12.52294 ], [ -69.95857, 12.4632 ], [ -69.92467, 12.44721 ], [ -69.92467, 12.44038 ], [ -69.94514, 12.44038 ], [ -69.93053, 12.42597 ], [ -69.9088, 12.41779 ], [ -69.88809, 12.41767 ], [ -69.87682, 12.42739 ], [ -69.8802, 12.45356 ], [ -69.91576, 12.49702 ], [ -69.92467, 12.51923 ], [ -69.99694, 12.57758 ] ] } },
{ "type": "Feature", "properties": { "featurecla": "Coastline" }, "geometry": { "type": "MultiLineString", "coordinates": [ [ [ -80.57934, 9.08069 ], [ -80.63712, 9.05167 ], [ -80.65323, 9.03531 ], [ -80.72683, 8.99722 ], [ -80.74169, 8.98005 ], [ -80.75064, 8.97687 ], [ -80.75914, 8.96271 ], [ -80.77257, 8.95344 ], [ -80.82242, 8.89069 ], [ -80.84486, 8.88448 ], [ -80.88172, 8.8857 ], [ -80.97514, 8.84809 ], [ -81.05358, 8.82241 ], [ -81.07071, 8.80683 ], [ -81.0799, 8.80484 ], [ -81.08772, 8.80874 ], [ -81.21307, 8.79181 ], [ -81.26622, 8.78923 ], [ -81.30446, 8.78188 ], [ -81.35798, 8.7851 ], [ -81.38155, 8.80012 ], [ -81.40943, 8.8001 ], [ -81.42151, 8.79643 ], [ -81.47347, 8.80659 ], [ -81.50329, 8.80096 ], [ -81.53905, 8.81293 ], [ -81.56749, 8.84349 ], [ -81.58731, 8.85635 ], [ -81.62755, 8.89912 ], [ -81.68749, 8.9842 ], [ -81.70645, 8.99917 ], [ -81.72117, 9.03202 ], [ -81.73689, 9.03693 ], [ -81.76197, 9.06375 ], [ -81.82088, 9.07065 ], [ -81.82583, 9.08529 ], [ -81.84187, 9.10358 ], [ -81.84187, 9.11042 ], [ -81.82421, 9.10545 ], [ -81.81603, 9.10806 ], [ -81.81456, 9.1166 ], [ -81.84187, 9.13833 ], [ -81.86547, 9.16665 ], [ -81.8828, 9.17951 ], [ -81.90331, 9.17927 ], [ -81.91031, 9.16812 ], [ -81.86238, 9.14175 ], [ -81.87287, 9.12954 ], [ -81.93741, 9.13833 ], [ -81.93342, 9.12922 ], [ -81.87706, 9.08731 ], [ -81.84187, 9.03531 ], [ -81.77424, 8.99746 ], [ -81.77058, 8.95746 ], [ -81.77554, 8.94025 ], [ -81.79345, 8.93163 ], [ -81.85228, 8.95832 ], [ -81.86238, 8.9558 ], [ -81.86734, 8.94929 ], [ -81.87804, 8.95425 ], [ -81.88964, 8.96638 ], [ -81.91246, 8.9711 ], [ -81.92374, 8.96638 ], [ -81.92077, 8.95515 ], [ -81.92943, 8.94383 ], [ -81.95857, 8.93163 ], [ -81.97472, 8.93521 ], [ -81.99771, 8.94746 ], [ -82.02001, 8.9453 ], [ -82.06762, 8.93073 ], [ -82.09781, 8.93061 ], [ -82.10538, 8.93521 ], [ -82.12922, 8.97321 ], [ -82.12902, 8.98139 ], [ -82.14175, 8.98896 ], [ -82.17764, 9.00056 ], [ -82.19469, 8.99095 ], [ -82.21882, 8.99335 ], [ -82.24303, 9.00446 ], [ -82.26016, 9.02098 ], [ -82.24596, 9.01415 ], [ -82.23908, 9.07933 ], [ -82.24454, 9.08991 ], [ -82.26846, 9.10236 ], [ -82.27383, 9.1166 ], [ -82.25341, 9.11042 ], [ -82.26378, 9.14655 ], [ -82.26073, 9.16405 ], [ -82.24962, 9.17182 ], [ -82.22411, 9.16966 ], [ -82.17764, 9.14517 ], [ -82.1717, 9.15742 ], [ -82.17081, 9.19977 ], [ -82.17764, 9.19977 ], [ -82.17764, 9.19294 ], [ -82.18444, 9.19294 ], [ -82.19343, 9.20409 ], [ -82.19811, 9.22028 ], [ -82.20279, 9.22069 ], [ -82.20495, 9.21345 ], [ -82.21251, 9.22004 ], [ -82.21687, 9.21747 ], [ -82.21923, 9.19636 ], [ -82.22305, 9.19278 ], [ -82.23107, 9.19375 ], [ -82.23815, 9.20026 ], [ -82.23908, 9.21345 ], [ -82.24596, 9.21345 ], [ -82.24446, 9.19758 ], [ -82.24791, 9.187 ], [ -82.25548, 9.1826 ], [ -82.26643, 9.18549 ], [ -82.281, 9.21662 ], [ -82.2943, 9.22028 ], [ -82.28246, 9.20209 ], [ -82.30045, 9.19709 ], [ -82.30797, 9.18549 ], [ -82.31481, 9.18549 ], [ -82.35058, 9.20726 ], [ -82.36449, 9.24287 ], [ -82.3732, 9.25454 ], [ -82.38305, 9.26122 ], [ -82.39367, 9.26211 ], [ -82.3876, 9.28608 ], [ -82.36246, 9.28413 ], [ -82.34895, 9.29475 ], [ -82.34813, 9.30557 ], [ -82.37629, 9.33006 ], [ -82.37947, 9.34382 ], [ -82.37678, 9.35517 ], [ -82.3496, 9.40204 ], [ -82.34276, 9.43252 ], [ -82.36897, 9.41494 ], [ -82.40661, 9.43525 ], [ -82.46565, 9.49396 ], [ -82.56188, 9.56908 ], [ -82.59142, 9.58698 ], [ -82.61644, 9.62434 ], [ -82.63589, 9.63451 ], [ -82.70523, 9.63793 ], [ -82.77233, 9.66104 ], [ -82.78775, 9.67276 ], [ -82.79699, 9.69123 ], [ -82.80248, 9.73151 ], [ -82.80826, 9.74722 ], [ -82.83381, 9.73949 ], [ -82.87727, 9.7801 ], [ -82.93489, 9.85708 ], [ -82.94978, 9.86758 ], [ -82.99633, 9.93594 ], [ -83.00935, 9.94929 ], [ -83.01667, 9.96312 ], [ -83.02058, 9.99738 ], [ -83.02603, 10.00503 ], [ -83.0524, 10.00959 ], [ -83.06151, 10.01533 ], [ -83.08532, 10.00214 ], [ -83.12466, 10.04059 ], [ -83.18838, 10.11774 ], [ -83.20372, 10.12934 ], [ -83.39452, 10.37604 ], [ -83.46618, 10.49453 ], [ -83.52697, 10.63605 ], [ -83.57543, 10.76826 ], [ -83.5891, 10.7211 ], [ -83.59472, 10.73656 ], [ -83.5891, 10.74775 ], [ -83.62222, 10.72386 ], [ -83.63752, 10.7211 ], [ -83.60863, 10.74551 ], [ -83.60692, 10.77778 ], [ -83.62385, 10.85761 ], [ -83.59756, 10.79361 ], [ -83.58288, 10.7757 ], [ -83.58056, 10.80732 ], [ -83.5987, 10.85659 ], [ -83.62426, 10.9029 ], [ -83.64436, 10.92593 ], [ -83.66076, 10.93439 ], [ -83.682, 10.93867 ], [ -83.69652, 10.93659 ], [ -83.69274, 10.92593 ], [ -83.71032, 10.92267 ], [ -83.72545, 10.9632 ], [ -83.75206, 10.98225 ], [ -83.77595, 11.01984 ], [ -83.78563, 11.04483 ], [ -83.81566, 11.0904 ], [ -83.83727, 11.14252 ], [ -83.86791, 11.27367 ], [ -83.86803, 11.3749 ], [ -83.85363, 11.40742 ], [ -83.82189, 11.44725 ], [ -83.79442, 11.444 ], [ -83.78091, 11.47932 ], [ -83.76106, 11.55711 ], [ -83.7447, 11.56851 ], [ -83.71373, 11.57347 ], [ -83.70377, 11.58796 ], [ -83.69473, 11.59365 ], [ -83.66674, 11.60098 ], [ -83.66478, 11.59809 ], [ -83.65298, 11.61152 ], [ -83.65119, 11.63227 ], [ -83.65364, 11.66747 ], [ -83.69994, 11.84992 ], [ -83.70954, 11.85814 ], [ -83.7351, 11.85366 ], [ -83.74739, 11.82404 ], [ -83.74291, 11.80524 ], [ -83.76773, 11.80484 ], [ -83.78478, 11.81354 ], [ -83.79337, 11.83275 ], [ -83.80696, 11.84821 ], [ -83.83609, 11.87124 ], [ -83.82348, 11.88898 ], [ -83.79939, 11.9029 ], [ -83.78087, 11.92646 ], [ -83.76627, 11.93399 ], [ -83.75984, 11.94684 ], [ -83.7672, 11.9643 ], [ -83.75422, 11.99909 ], [ -83.7613, 12.03535 ], [ -83.7672, 12.04316 ], [ -83.80394, 12.06029 ], [ -83.79857, 12.06363 ], [ -83.75731, 12.05134 ], [ -83.73937, 12.05195 ], [ -83.73205, 12.08706 ], [ -83.71691, 12.10879 ], [ -83.71325, 12.12568 ], [ -83.71614, 12.1389 ], [ -83.7399, 12.16665 ], [ -83.74739, 12.16665 ], [ -83.76032, 12.15306 ], [ -83.77628, 12.1623 ], [ -83.77774, 12.17715 ], [ -83.74739, 12.18032 ], [ -83.72863, 12.17158 ], [ -83.71101, 12.15473 ], [ -83.69787, 12.1352 ], [ -83.69274, 12.11823 ], [ -83.70067, 12.0952 ], [ -83.72374, 12.07465 ], [ -83.71325, 12.0493 ], [ -83.6883, 12.01874 ], [ -83.68122, 12.00165 ], [ -83.68529, 11.98111 ], [ -83.67101, 11.98794 ], [ -83.67858, 12.00943 ], [ -83.6859, 12.13744 ], [ -83.66373, 12.25609 ], [ -83.61701, 12.34805 ], [ -83.62121, 12.35566 ], [ -83.64094, 12.35847 ], [ -83.64977, 12.35318 ], [ -83.67638, 12.27985 ], [ -83.67732, 12.29751 ], [ -83.67101, 12.32709 ], [ -83.67634, 12.34247 ], [ -83.70767, 12.33588 ], [ -83.72623, 12.34479 ], [ -83.73371, 12.36298 ], [ -83.71939, 12.42365 ], [ -83.72623, 12.46833 ], [ -83.74096, 12.47972 ], [ -83.77465, 12.48143 ], [ -83.77465, 12.53351 ], [ -83.7672, 12.5467 ], [ -83.74901, 12.55256 ], [ -83.7058, 12.55707 ], [ -83.6737, 12.57046 ], [ -83.62047, 12.61424 ], [ -83.5891, 12.63215 ], [ -83.60338, 12.65266 ], [ -83.59642, 12.66714 ], [ -83.59748, 12.69432 ], [ -83.61022, 12.70791 ], [ -83.61327, 12.73526 ], [ -83.63752, 12.74885 ], [ -83.64533, 12.76651 ], [ -83.6459, 12.78685 ], [ -83.63703, 12.80532 ], [ -83.61636, 12.81712 ], [ -83.59081, 12.81908 ], [ -83.56404, 12.81269 ], [ -83.54467, 12.79678 ], [ -83.54133, 12.76996 ], [ -83.55492, 12.75259 ], [ -83.55655, 12.69672 ], [ -83.55997, 12.68325 ], [ -83.56859, 12.67377 ], [ -83.55541, 12.63589 ], [ -83.56379, 12.59089 ], [ -83.58845, 12.55964 ], [ -83.62385, 12.57075 ], [ -83.63003, 12.57075 ], [ -83.63752, 12.56452 ], [ -83.63288, 12.53954 ], [ -83.63463, 12.47411 ], [ -83.6127, 12.4549 ], [ -83.60253, 12.42544 ], [ -83.60338, 12.41372 ], [ -83.63752, 12.38573 ], [ -83.61758, 12.37515 ], [ -83.54475, 12.39256 ], [ -83.51256, 12.39378 ], [ -83.4923, 12.40034 ], [ -83.4818, 12.41665 ], [ -83.47924, 12.44721 ], [ -83.48591, 12.47215 ], [ -83.51382, 12.51048 ], [ -83.52351, 12.5423 ], [ -83.54133, 12.58063 ], [ -83.54133, 12.63898 ], [ -83.50768, 12.90278 ], [ -83.56298, 13.23066 ], [ -83.56859, 13.24291 ], [ -83.56115, 13.24917 ], [ -83.56823, 13.26301 ], [ -83.57014, 13.2871 ], [ -83.55915, 13.41584 ], [ -83.54133, 13.48188 ], [ -83.52038, 13.53164 ], [ -83.51602, 13.57465 ], [ -83.51749, 13.62368 ], [ -83.4938, 13.73774 ], [ -83.43126, 13.95673 ], [ -83.41739, 13.98859 ], [ -83.39729, 14.0163 ], [ -83.34968, 14.04877 ], [ -83.33751, 14.07754 ], [ -83.30167, 14.11994 ], [ -83.21858, 14.25031 ], [ -83.1914, 14.31342 ], [ -83.18659, 14.34764 ], [ -83.1918, 14.38691 ], [ -83.24031, 14.52399 ], [ -83.24861, 14.57172 ], [ -83.26012, 14.59601 ], [ -83.29922, 14.77119 ], [ -83.30818, 14.77985 ], [ -83.31542, 14.77277 ], [ -83.31477, 14.74995 ], [ -83.33349, 14.77326 ], [ -83.34504, 14.77656 ], [ -83.35631, 14.77045 ], [ -83.32217, 14.74995 ], [ -83.33751, 14.73143 ], [ -83.35265, 14.73623 ], [ -83.38024, 14.75739 ], [ -83.38695, 14.76655 ], [ -83.39782, 14.8076 ], [ -83.41153, 14.81826 ], [ -83.42463, 14.80394 ], [ -83.41413, 14.8277 ], [ -83.36986, 14.883 ], [ -83.35017, 14.90082 ], [ -83.32217, 14.91389 ], [ -83.30785, 14.91059 ], [ -83.29894, 14.87043 ], [ -83.2882, 14.84455 ], [ -83.28742, 14.82567 ], [ -83.29507, 14.83519 ], [ -83.30508, 14.83877 ], [ -83.32844, 14.83185 ], [ -83.32844, 14.82567 ], [ -83.31949, 14.82026 ], [ -83.3085, 14.82567 ], [ -83.31139, 14.80952 ], [ -83.31477, 14.80394 ], [ -83.31477, 14.81143 ], [ -83.32844, 14.79096 ], [ -83.29402, 14.80427 ], [ -83.28197, 14.81318 ], [ -83.27379, 14.82567 ], [ -83.26696, 14.86664 ], [ -83.24909, 14.88589 ], [ -83.23388, 14.92133 ], [ -83.22167, 14.9357 ], [ -83.20889, 14.94172 ], [ -83.19188, 14.97427 ], [ -83.17984, 14.98599 ], [ -83.16515, 14.96906 ], [ -83.15608, 14.97846 ], [ -83.13777, 14.98672 ], [ -83.13044, 14.99702 ], [ -83.25381, 15.04462 ], [ -83.28429, 15.06835 ], [ -83.31086, 15.10643 ], [ -83.32844, 15.14663 ], [ -83.34455, 15.21088 ], [ -83.35631, 15.22972 ], [ -83.40803, 15.26642 ], [ -83.54259, 15.31574 ], [ -83.66137, 15.37377 ], [ -83.70299, 15.402 ], [ -83.71939, 15.39423 ], [ -83.72533, 15.37588 ], [ -83.68895, 15.36058 ], [ -83.66959, 15.34292 ], [ -83.62633, 15.32746 ], [ -83.61022, 15.32534 ], [ -83.61636, 15.31167 ], [ -83.61022, 15.30488 ], [ -83.59264, 15.31224 ], [ -83.57787, 15.30907 ], [ -83.54817, 15.29182 ], [ -83.52961, 15.30101 ], [ -83.5172, 15.2897 ], [ -83.50231, 15.24628 ], [ -83.48668, 15.22972 ], [ -83.4818, 15.21556 ], [ -83.5266, 15.1999 ], [ -83.54044, 15.18867 ], [ -83.55492, 15.16828 ], [ -83.57445, 15.16047 ], [ -83.58703, 15.16718 ], [ -83.59386, 15.18476 ], [ -83.59594, 15.2093 ], [ -83.60338, 15.2093 ], [ -83.60949, 15.19693 ], [ -83.60338, 15.18195 ], [ -83.61579, 15.17451 ], [ -83.62145, 15.17617 ], [ -83.62247, 15.19595 ], [ -83.59252, 15.23721 ], [ -83.56481, 15.23139 ], [ -83.5559, 15.2093 ], [ -83.54442, 15.20498 ], [ -83.53287, 15.21125 ], [ -83.52766, 15.2263 ], [ -83.52766, 15.25642 ], [ -83.5336, 15.27216 ], [ -83.52766, 15.27814 ], [ -83.52766, 15.28437 ], [ -83.54467, 15.28099 ], [ -83.62336, 15.29609 ], [ -83.63003, 15.29182 ], [ -83.62938, 15.26114 ], [ -83.63378, 15.25642 ], [ -83.69026, 15.24592 ], [ -83.7058, 15.23721 ], [ -83.72265, 15.20808 ], [ -83.73103, 15.20344 ], [ -83.7399, 15.22289 ], [ -83.74739, 15.22289 ], [ -83.74718, 15.2097 ], [ -83.75227, 15.20254 ], [ -83.75984, 15.20209 ], [ -83.7672, 15.2093 ], [ -83.76944, 15.21922 ], [ -83.7672, 15.25642 ], [ -83.77453, 15.28571 ], [ -83.78531, 15.28441 ], [ -83.79922, 15.2746 ], [ -83.81566, 15.27814 ], [ -83.81566, 15.28437 ], [ -83.79516, 15.29804 ], [ -83.81408, 15.32168 ], [ -83.82592, 15.32974 ], [ -83.87133, 15.34284 ], [ -83.88508, 15.35261 ], [ -83.90514, 15.38353 ], [ -83.99437, 15.42154 ], [ -84.0, 15.41929 ] ], [ [ -84.0, 15.35972 ], [ -83.98815, 15.35236 ], [ -83.91173, 15.32612 ], [ -83.89167, 15.32339 ], [ -83.87706, 15.30488 ], [ -83.83454, 15.28262 ], [ -83.82189, 15.2707 ], [ -83.83715, 15.26 ], [ -83.8828, 15.24555 ], [ -83.90099, 15.24339 ], [ -83.92199, 15.24787 ], [ -83.93838, 15.25922 ], [ -83.95897, 15.29182 ], [ -83.95897, 15.29804 ], [ -83.94791, 15.30341 ], [ -83.93175, 15.30488 ], [ -83.93175, 15.31167 ], [ -83.98062, 15.30573 ], [ -83.99991, 15.30882 ], [ -84.0, 15.30894 ] ], [ [ -84.0, 15.53508 ], [ -83.96373, 15.51252 ], [ -83.94595, 15.51777 ], [ -83.90441, 15.46939 ], [ -83.91808, 15.46312 ], [ -83.90636, 15.45197 ], [ -83.86278, 15.44888 ], [ -83.83446, 15.43179 ], [ -83.80622, 15.42235 ], [ -83.7683, 15.39338 ], [ -83.7508, 15.38679 ], [ -83.73591, 15.38862 ], [ -83.72936, 15.39374 ], [ -83.72997, 15.40156 ], [ -83.73681, 15.41132 ], [ -83.74568, 15.41584 ], [ -83.78087, 15.42154 ], [ -83.79906, 15.42935 ], [ -83.89417, 15.48518 ], [ -84.0, 15.57129 ] ] ] } },
{ "type": "Feature", "properties": { "featurecla": "Coastline" }, "geometry": { "type": "LineString", "coordinates": [ [ -84.0, 9.33401 ], [ -83.99511, 9.33023 ], [ -83.91808, 9.29475 ], [ -83.83951, 9.22028 ], [ -83.81713, 9.2145 ], [ -83.7869, 9.19925 ], [ -83.76488, 9.17719 ], [ -83.7672, 9.15139 ], [ -83.7272, 9.14431 ], [ -83.70092, 9.11787 ], [ -83.65799, 9.0552 ], [ -83.65115, 9.06196 ], [ -83.63476, 9.04409 ], [ -83.60338, 8.96638 ], [ -83.62552, 8.94265 ], [ -83.63003, 8.93167 ], [ -83.61791, 8.91901 ], [ -83.63003, 8.91177 ], [ -83.61295, 8.90778 ], [ -83.57543, 8.87763 ], [ -83.59704, 8.88089 ], [ -83.61636, 8.89069 ], [ -83.61388, 8.87324 ], [ -83.5891, 8.85676 ], [ -83.58288, 8.84663 ], [ -83.58764, 8.83535 ], [ -83.62381, 8.81558 ], [ -83.63781, 8.79885 ], [ -83.64257, 8.78189 ], [ -83.63866, 8.77228 ], [ -83.62694, 8.77774 ], [ -83.60794, 8.79605 ], [ -83.57543, 8.79446 ], [ -83.57543, 8.78828 ], [ -83.60001, 8.78205 ], [ -83.62747, 8.7674 ], [ -83.64257, 8.74954 ], [ -83.63003, 8.73367 ], [ -83.66092, 8.68985 ], [ -83.66784, 8.68293 ], [ -83.67593, 8.6918 ], [ -83.70238, 8.67841 ], [ -83.7399, 8.62381 ], [ -83.73681, 8.59272 ], [ -83.7058, 8.57941 ], [ -83.70023, 8.57034 ], [ -83.61327, 8.49002 ], [ -83.57559, 8.44497 ], [ -83.56115, 8.43818 ], [ -83.48294, 8.44562 ], [ -83.46243, 8.44269 ], [ -83.40477, 8.41767 ], [ -83.40477, 8.43195 ], [ -83.36937, 8.41092 ], [ -83.39725, 8.41767 ], [ -83.38089, 8.40412 ], [ -83.34642, 8.3876 ], [ -83.30984, 8.37592 ], [ -83.28738, 8.37674 ], [ -83.27636, 8.40156 ], [ -83.27371, 8.43793 ], [ -83.27982, 8.47293 ], [ -83.29491, 8.49343 ], [ -83.28685, 8.51716 ], [ -83.28738, 8.54182 ], [ -83.29971, 8.53437 ], [ -83.32547, 8.56098 ], [ -83.33922, 8.56916 ], [ -83.39159, 8.5823 ], [ -83.40477, 8.58902 ], [ -83.47301, 8.69888 ], [ -83.47924, 8.69888 ], [ -83.48668, 8.69269 ], [ -83.48172, 8.71259 ], [ -83.46825, 8.71747 ], [ -83.43517, 8.71255 ], [ -83.42166, 8.71516 ], [ -83.41153, 8.73367 ], [ -83.4014, 8.73371 ], [ -83.38952, 8.72809 ], [ -83.38366, 8.73981 ], [ -83.34586, 8.72993 ], [ -83.3317, 8.72207 ], [ -83.3358, 8.70572 ], [ -83.32217, 8.70572 ], [ -83.32836, 8.6846 ], [ -83.31908, 8.66958 ], [ -83.28738, 8.65107 ], [ -83.27318, 8.65847 ], [ -83.25931, 8.65131 ], [ -83.24026, 8.62381 ], [ -83.22476, 8.62686 ], [ -83.18578, 8.62519 ], [ -83.17821, 8.63748 ], [ -83.17138, 8.63748 ], [ -83.15172, 8.61286 ], [ -83.12357, 8.59646 ], [ -83.12357, 8.58902 ], [ -83.15331, 8.57718 ], [ -83.1577, 8.57941 ], [ -83.1588, 8.5928 ], [ -83.17138, 8.61697 ], [ -83.17821, 8.61697 ], [ -83.18505, 8.60269 ], [ -83.16515, 8.56375 ], [ -83.1577, 8.55549 ], [ -83.14342, 8.55024 ], [ -83.11425, 8.55178 ], [ -83.10245, 8.54804 ], [ -83.13773, 8.52932 ], [ -83.1372, 8.51455 ], [ -83.09903, 8.46271 ], [ -83.09268, 8.44668 ], [ -83.11608, 8.40778 ], [ -83.15087, 8.36929 ], [ -83.11685, 8.33613 ], [ -82.99258, 8.24641 ], [ -82.9685, 8.22122 ], [ -82.90038, 8.10505 ], [ -82.89761, 8.0928 ], [ -82.9097, 8.06061 ], [ -82.91124, 8.04536 ], [ -82.87694, 8.02387 ], [ -82.86819, 8.03238 ], [ -82.86209, 8.0489 ], [ -82.84923, 8.06204 ], [ -82.87283, 8.13589 ], [ -82.87987, 8.17788 ], [ -82.87719, 8.21906 ], [ -82.86246, 8.25406 ], [ -82.83902, 8.27851 ], [ -82.80871, 8.29568 ], [ -82.73803, 8.31745 ], [ -82.6986, 8.32282 ], [ -82.65892, 8.32278 ], [ -82.62267, 8.31525 ], [ -82.55264, 8.28738 ], [ -82.51171, 8.27643 ], [ -82.48611, 8.28115 ], [ -82.47086, 8.27713 ], [ -82.45202, 8.28115 ], [ -82.46561, 8.3085 ], [ -82.46561, 8.31525 ], [ -82.44701, 8.32355 ], [ -82.44103, 8.3487 ], [ -82.4309, 8.35627 ], [ -82.43029, 8.33816 ], [ -82.41723, 8.32892 ], [ -82.41723, 8.32278 ], [ -82.43533, 8.31611 ], [ -82.43326, 8.30435 ], [ -82.41893, 8.29304 ], [ -82.40014, 8.28799 ], [ -82.35867, 8.3061 ], [ -82.34276, 8.3085 ], [ -82.34891, 8.33576 ], [ -82.33165, 8.32978 ], [ -82.31395, 8.33084 ], [ -82.28006, 8.34321 ], [ -82.28441, 8.32221 ], [ -82.27709, 8.30927 ], [ -82.26195, 8.3028 ], [ -82.24246, 8.30105 ], [ -82.22545, 8.3395 ], [ -82.22012, 8.34296 ], [ -82.18444, 8.34321 ], [ -82.20055, 8.3393 ], [ -82.20865, 8.3321 ], [ -82.20983, 8.32184 ], [ -82.20495, 8.3085 ], [ -82.20983, 8.30805 ], [ -82.21178, 8.31525 ], [ -82.21878, 8.30435 ], [ -82.21178, 8.29483 ], [ -82.21756, 8.27823 ], [ -82.21654, 8.26423 ], [ -82.20495, 8.23334 ], [ -82.21923, 8.2259 ], [ -82.21923, 8.21906 ], [ -82.1879, 8.19925 ], [ -82.1741, 8.20173 ], [ -82.15689, 8.21174 ], [ -82.14346, 8.21292 ], [ -82.14346, 8.20539 ], [ -82.15038, 8.20331 ], [ -82.15538, 8.19318 ], [ -82.15652, 8.18496 ], [ -82.14757, 8.1883 ], [ -82.14721, 8.18093 ], [ -82.15652, 8.15766 ], [ -82.1503, 8.15766 ], [ -82.1503, 8.1645 ], [ -82.1424, 8.16006 ], [ -82.1173, 8.21516 ], [ -82.11559, 8.23334 ], [ -82.10936, 8.23334 ], [ -82.09313, 8.22036 ], [ -82.06029, 8.21027 ], [ -82.02786, 8.20828 ], [ -82.01317, 8.21906 ], [ -81.97838, 8.19253 ], [ -81.9722, 8.1955 ], [ -81.96764, 8.20905 ], [ -81.9567, 8.22101 ], [ -81.93118, 8.23334 ], [ -81.94787, 8.20624 ], [ -81.95181, 8.19143 ], [ -81.94115, 8.18496 ], [ -81.88537, 8.17329 ], [ -81.79833, 8.13711 ], [ -81.78038, 8.12348 ], [ -81.7742, 8.12348 ], [ -81.74625, 8.15766 ], [ -81.75748, 8.16116 ], [ -81.76065, 8.16958 ], [ -81.75247, 8.1918 ], [ -81.74625, 8.1918 ], [ -81.74344, 8.17316 ], [ -81.71146, 8.13032 ], [ -81.67736, 8.06826 ], [ -81.69103, 8.07571 ], [ -81.70946, 8.06863 ], [ -81.72574, 8.07571 ], [ -81.72574, 8.06826 ], [ -81.71036, 8.05984 ], [ -81.70836, 8.03132 ], [ -81.69787, 8.02106 ], [ -81.69713, 8.03913 ], [ -81.69103, 8.05463 ], [ -81.67052, 8.00678 ], [ -81.6459, 7.97309 ], [ -81.64159, 7.95466 ], [ -81.63329, 7.94587 ], [ -81.62588, 7.94473 ], [ -81.62259, 7.94794 ], [ -81.6289, 7.98184 ], [ -81.60912, 7.98635 ], [ -81.61295, 7.97419 ], [ -81.61124, 7.95962 ], [ -81.61587, 7.95218 ], [ -81.60208, 7.94001 ], [ -81.59545, 7.92487 ], [ -81.61295, 7.93142 ], [ -81.61868, 7.92202 ], [ -81.62271, 7.89008 ], [ -81.60802, 7.88984 ], [ -81.59988, 7.88504 ], [ -81.59976, 7.87783 ], [ -81.60912, 7.87027 ], [ -81.60912, 7.86282 ], [ -81.60159, 7.85598 ], [ -81.5819, 7.86249 ], [ -81.56749, 7.85598 ], [ -81.56749, 7.84919 ], [ -81.58629, 7.82087 ], [ -81.588, 7.80447 ], [ -81.56839, 7.77603 ], [ -81.57494, 7.76724 ], [ -81.57494, 7.7604 ], [ -81.54019, 7.73994 ], [ -81.53905, 7.75735 ], [ -81.52807, 7.76057 ], [ -81.48876, 7.74921 ], [ -81.49999, 7.73867 ], [ -81.52713, 7.72626 ], [ -81.52579, 7.71145 ], [ -81.50345, 7.70197 ], [ -81.47391, 7.69941 ], [ -81.4508, 7.70515 ], [ -81.43493, 7.69265 ], [ -81.4241, 7.67105 ], [ -81.39696, 7.67353 ], [ -81.31424, 7.65054 ], [ -81.29117, 7.65066 ], [ -81.27872, 7.64606 ], [ -81.2733, 7.63349 ], [ -81.22549, 7.60895 ], [ -81.21805, 7.60895 ], [ -81.19754, 7.63007 ], [ -81.19327, 7.70075 ], [ -81.19754, 7.71198 ], [ -81.23168, 7.69892 ], [ -81.24596, 7.71943 ], [ -81.23156, 7.71438 ], [ -81.21805, 7.71943 ], [ -81.23538, 7.74384 ], [ -81.24596, 7.74673 ], [ -81.24596, 7.75418 ], [ -81.21805, 7.75418 ], [ -81.22317, 7.7392 ], [ -81.21805, 7.72626 ], [ -81.17443, 7.76301 ], [ -81.1647, 7.78901 ], [ -81.18326, 7.82368 ], [ -81.17711, 7.84573 ], [ -81.19754, 7.85598 ], [ -81.2152, 7.871 ], [ -81.21764, 7.87897 ], [ -81.20438, 7.88333 ], [ -81.20816, 7.89346 ], [ -81.21805, 7.89753 ], [ -81.19994, 7.89362 ], [ -81.19241, 7.86335 ], [ -81.15482, 7.85383 ], [ -81.13305, 7.84231 ], [ -81.08768, 7.84231 ], [ -81.08768, 7.84919 ], [ -81.10216, 7.85859 ], [ -81.10818, 7.8771 ], [ -81.10196, 7.8771 ], [ -81.09044, 7.85786 ], [ -81.07523, 7.87128 ], [ -81.05358, 7.9112 ], [ -81.0559, 7.84939 ], [ -81.04886, 7.8227 ], [ -81.02623, 7.83552 ], [ -81.02005, 7.83552 ], [ -81.02127, 7.8227 ], [ -81.02758, 7.8168 ], [ -81.06082, 7.81289 ], [ -81.07811, 7.80134 ], [ -81.08544, 7.79434 ], [ -81.08609, 7.77912 ], [ -81.07669, 7.7648 ], [ -81.05358, 7.7604 ], [ -81.05325, 7.75593 ], [ -81.06102, 7.75418 ], [ -81.05484, 7.75003 ], [ -81.02623, 7.74673 ], [ -81.04483, 7.7167 ], [ -81.04332, 7.71198 ], [ -81.02184, 7.70266 ], [ -81.00577, 7.68533 ], [ -81.01785, 7.68842 ], [ -81.02782, 7.68618 ], [ -81.03519, 7.67996 ], [ -81.04129, 7.66169 ], [ -81.02005, 7.65054 ], [ -80.97167, 7.60273 ], [ -80.97167, 7.59589 ], [ -80.97912, 7.59589 ], [ -80.97912, 7.58906 ], [ -80.95572, 7.56965 ], [ -80.94632, 7.55569 ], [ -80.9547, 7.51691 ], [ -80.96691, 7.50991 ], [ -80.91507, 7.45466 ], [ -80.91019, 7.44168 ], [ -80.92081, 7.41079 ], [ -80.92117, 7.39204 ], [ -80.89566, 7.37661 ], [ -80.89159, 7.36017 ], [ -80.89599, 7.3284 ], [ -80.91637, 7.30793 ], [ -80.91601, 7.27814 ], [ -80.93017, 7.26358 ], [ -80.92972, 7.2565 ], [ -80.89444, 7.24343 ], [ -80.87308, 7.21255 ], [ -80.86181, 7.20572 ], [ -80.84813, 7.21914 ], [ -80.8413, 7.21914 ], [ -80.83108, 7.21137 ], [ -80.82079, 7.21914 ], [ -80.79337, 7.21357 ], [ -80.71312, 7.21646 ], [ -80.59683, 7.23806 ], [ -80.47448, 7.25332 ], [ -80.43725, 7.24649 ], [ -80.42911, 7.25235 ], [ -80.42418, 7.27375 ], [ -80.39883, 7.28665 ], [ -80.39627, 7.29767 ], [ -80.38712, 7.30805 ], [ -80.37234, 7.31476 ], [ -80.34756, 7.31826 ], [ -80.34439, 7.32742 ], [ -80.36148, 7.35574 ], [ -80.35757, 7.38203 ], [ -80.33096, 7.40119 ], [ -80.25906, 7.42463 ], [ -80.2659, 7.43081 ], [ -80.28356, 7.42182 ], [ -80.30687, 7.41779 ], [ -80.30687, 7.42463 ], [ -80.2659, 7.43826 ], [ -80.21068, 7.41779 ], [ -80.19852, 7.42471 ], [ -80.13553, 7.42463 ], [ -80.06497, 7.451 ], [ -80.01785, 7.45681 ], [ -80.01004, 7.46524 ], [ -79.99466, 7.50344 ], [ -79.99352, 7.52277 ], [ -80.00577, 7.55227 ], [ -80.0524, 7.63711 ], [ -80.14379, 7.75275 ], [ -80.20446, 7.80756 ], [ -80.30004, 7.88333 ], [ -80.32775, 7.95331 ], [ -80.34887, 7.98928 ], [ -80.3826, 7.99934 ], [ -80.4324, 8.02424 ], [ -80.44717, 8.02729 ], [ -80.45608, 8.0362 ], [ -80.46817, 8.07486 ], [ -80.48441, 8.08255 ], [ -80.4761, 8.09488 ], [ -80.47484, 8.10647 ], [ -80.47818, 8.20234 ], [ -80.47024, 8.22065 ], [ -80.40701, 8.28303 ], [ -80.38878, 8.29483 ], [ -80.38476, 8.30158 ], [ -80.38577, 8.31135 ], [ -80.37576, 8.31525 ], [ -80.38073, 8.31037 ], [ -80.37466, 8.30337 ], [ -80.36148, 8.29483 ], [ -80.33422, 8.28799 ], [ -80.30004, 8.30105 ], [ -80.27274, 8.29483 ], [ -80.22496, 8.30105 ], [ -80.12584, 8.34862 ] ] } },
{ "type": "Feature", "properties": { "featurecla": "Coastline" }, "geometry": { "type": "LineString", "coordinates": [ [ -82.36205, 8.08686 ], [ -82.35924, 8.09903 ], [ -82.34313, 8.12336 ], [ -82.33235, 8.12971 ], [ -82.32071, 8.13032 ], [ -82.31823, 8.09992 ], [ -82.34748, 8.08828 ], [ -82.36205, 8.08686 ] ] } },
{ "type": "Feature", "properties": { "featurecla": "Coastline" }, "geometry": { "type": "LineString", "coordinates": [ [ -79.08439, 8.38249 ], [ -79.09284, 8.37718 ], [ -79.1301, 8.40487 ], [ -79.11824, 8.42911 ], [ -79.09484, 8.40648 ], [ -79.08794, 8.41954 ], [ -79.08244, 8.416 ], [ -79.08628, 8.40345 ], [ -79.07887, 8.39855 ], [ -79.08439, 8.38249 ] ] } },
{ "type": "Feature", "properties": { "featurecla": "Coastline" }, "geometry": { "type": "LineString", "coordinates": [ [ -82.12304, 9.32266 ], [ -82.15656, 9.34935 ], [ -82.17439, 9.34406 ], [ -82.201, 9.35619 ], [ -82.21178, 9.34935 ], [ -82.21178, 9.34317 ], [ -82.15933, 9.32315 ], [ -82.1503, 9.30219 ], [ -82.16397, 9.30842 ], [ -82.16397, 9.30219 ], [ -82.15404, 9.29629 ], [ -82.15026, 9.28726 ], [ -82.1503, 9.26435 ], [ -82.15441, 9.25837 ], [ -82.13882, 9.24531 ], [ -82.1302, 9.26826 ], [ -82.11417, 9.28327 ], [ -82.09398, 9.29125 ], [ -82.07462, 9.28852 ], [ -82.08528, 9.30268 ], [ -82.12304, 9.32266 ] ] } },
{ "type": "Feature", "properties": { "featurecla": "Coastline" }, "geometry": { "type": "LineString", "coordinates": [ [ -82.32848, 9.41205 ], [ -82.28075, 9.3747 ], [ -82.25967, 9.35318 ], [ -82.24596, 9.33006 ], [ -82.24014, 9.34195 ], [ -82.24596, 9.34935 ], [ -82.24596, 9.35684 ], [ -82.2318, 9.37336 ], [ -82.23876, 9.39875 ], [ -82.26643, 9.43936 ], [ -82.28551, 9.43887 ], [ -82.30167, 9.43232 ], [ -82.32848, 9.41205 ] ] } },
{ "type": "Feature", "properties": { "featurecla": "Coastline" }, "geometry": { "type": "LineString", "coordinates": [ [ -64.0, 10.7974 ], [ -64.00536, 10.7884 ], [ -64.00451, 10.7757 ], [ -64.0, 10.77165 ] ] } },
{ "type": "Feature", "properties": { "featurecla": "Coastline" }, "geometry": { "type": "LineString", "coordinates": [ [ -65.22761, 10.9538 ], [ -65.25495, 10.95653 ], [ -65.30626, 10.97647 ], [ -65.3299, 10.97761 ], [ -65.35448, 10.96747 ], [ -65.3767, 10.96605 ], [ -65.40193, 10.94843 ], [ -65.41177, 10.92475 ], [ -65.38805, 10.90546 ], [ -65.37218, 10.91096 ], [ -65.31664, 10.8911 ], [ -65.27697, 10.88955 ], [ -65.23786, 10.89859 ], [ -65.24462, 10.88496 ], [ -65.20495, 10.90436 ], [ -65.20198, 10.91816 ], [ -65.2167, 10.9396 ], [ -65.20824, 10.9499 ], [ -65.21133, 10.95384 ], [ -65.22761, 10.9538 ] ] } },
{ "type": "Feature", "properties": { "featurecla": "Coastline" }, "geometry": { "type": "LineString", "coordinates": [ [ -64.0, 11.07419 ], [ -64.01757, 11.05622 ], [ -64.01757, 11.01529 ], [ -64.03197, 10.996 ], [ -64.04906, 10.99071 ], [ -64.11071, 11.00019 ], [ -64.14753, 11.02359 ], [ -64.18163, 11.03408 ], [ -64.1883, 11.04633 ], [ -64.18883, 11.07364 ], [ -64.19831, 11.08763 ], [ -64.22008, 11.09154 ], [ -64.24446, 11.08812 ], [ -64.27139, 11.07697 ], [ -64.29186, 11.08393 ], [ -64.32262, 11.06574 ], [ -64.37059, 11.06249 ], [ -64.37833, 11.05353 ], [ -64.38394, 11.01984 ], [ -64.40856, 10.96747 ], [ -64.38903, 10.96605 ], [ -64.34716, 10.9538 ], [ -64.31237, 10.9538 ], [ -64.29752, 10.94741 ], [ -64.22435, 10.93936 ], [ -64.20295, 10.9444 ], [ -64.17585, 10.96747 ], [ -64.11636, 10.92862 ], [ -64.0961, 10.89094 ], [ -64.05687, 10.88711 ], [ -64.05972, 10.85761 ], [ -64.04263, 10.86848 ], [ -64.0, 10.88307 ] ] } },
{ "type": "Feature", "properties": { "featurecla": "Coastline" }, "geometry": { "type": "LineString", "coordinates": [ [ -66.60827, 11.78311 ], [ -66.60167, 11.7945 ], [ -66.60139, 11.80671 ], [ -66.60627, 11.81737 ], [ -66.6151, 11.82404 ], [ -66.63199, 11.79597 ], [ -66.65087, 11.78018 ], [ -66.67414, 11.77603 ], [ -66.7045, 11.78311 ], [ -66.67943, 11.76655 ], [ -66.64184, 11.76146 ], [ -66.60652, 11.76724 ], [ -66.5878, 11.78311 ], [ -66.60827, 11.78311 ] ] } },
{ "type": "Feature", "properties": { "featurecla": "Coastline" }, "geometry": { "type": "LineString", "coordinates": [ [ -66.13219, 11.82404 ], [ -66.17955, 11.82319 ], [ -66.19433, 11.81769 ], [ -66.17455, 11.79711 ], [ -66.14314, 11.78181 ], [ -66.114, 11.77993 ], [ -66.10119, 11.79979 ], [ -66.10294, 11.81928 ], [ -66.10851, 11.82583 ], [ -66.13219, 11.82404 ] ] } },
{ "type": "Feature", "properties": { "featurecla": "Coastline" }, "geometry": { "type": "LineString", "coordinates": [ [ -64.60717, 11.89912 ], [ -64.61889, 11.88923 ], [ -64.63565, 11.8614 ], [ -64.64879, 11.8513 ], [ -64.6444, 11.84073 ], [ -64.64879, 11.83027 ], [ -64.6293, 11.82197 ], [ -64.60558, 11.81802 ], [ -64.56286, 11.8166 ], [ -64.55285, 11.82372 ], [ -64.55215, 11.83991 ], [ -64.55679, 11.85733 ], [ -64.56286, 11.86811 ], [ -64.60717, 11.89912 ] ] } },
{ "type": "Feature", "properties": { "featurecla": "Coastline" }, "geometry": { "type": "LineString", "coordinates": [ [ -83.72623, 11.87865 ], [ -83.71984, 11.87031 ], [ -83.72623, 11.92023 ], [ -83.72452, 11.93635 ], [ -83.7058, 11.98111 ], [ -83.70686, 11.98705 ], [ -83.72899, 11.97333 ], [ -83.73607, 11.9418 ], [ -83.73379, 11.90583 ], [ -83.72623, 11.87865 ] ] } },
{ "type": "Feature", "properties": { "featurecla": "Coastline" }, "geometry": { "type": "LineString", "coordinates": [ [ -83.05394, 12.14387 ], [ -83.05598, 12.16621 ], [ -83.04646, 12.18374 ], [ -83.03254, 12.19082 ], [ -83.02115, 12.18179 ], [ -83.05394, 12.14387 ] ] } },
{ "type": "Feature", "properties": { "featurecla": "Coastline" }, "geometry": { "type": "LineString", "coordinates": [ [ -68.21154, 12.22809 ], [ -68.25251, 12.23554 ], [ -68.31485, 12.26484 ], [ -68.3319, 12.26903 ], [ -68.36148, 12.30219 ], [ -68.37662, 12.31004 ], [ -68.39045, 12.31021 ], [ -68.40005, 12.30439 ], [ -68.41076, 12.2827 ], [ -68.40331, 12.27652 ], [ -68.41739, 12.25703 ], [ -68.41072, 12.2403 ], [ -68.39184, 12.22777 ], [ -68.32128, 12.21385 ], [ -68.30256, 12.20295 ], [ -68.28726, 12.18032 ], [ -68.28222, 12.1599 ], [ -68.28726, 12.1083 ], [ -68.28063, 12.07221 ], [ -68.25967, 12.02806 ], [ -68.25422, 12.02363 ], [ -68.24254, 12.02204 ], [ -68.23729, 12.0268 ], [ -68.22753, 12.05073 ], [ -68.22582, 12.06025 ], [ -68.23884, 12.10456 ], [ -68.23217, 12.11074 ], [ -68.21394, 12.1118 ], [ -68.20531, 12.11823 ], [ -68.2036, 12.13776 ], [ -68.21085, 12.19009 ], [ -68.20157, 12.20083 ], [ -68.19001, 12.20482 ], [ -68.1942, 12.21393 ], [ -68.21154, 12.22809 ] ] } },
{ "type": "Feature", "properties": { "featurecla": "Coastline" }, "geometry": { "type": "LineString", "coordinates": [ [ -81.7115, 12.52294 ], [ -81.7237, 12.51154 ], [ -81.7174, 12.50243 ], [ -81.70474, 12.50446 ], [ -81.68639, 12.58006 ], [ -81.69103, 12.59125 ], [ -81.70637, 12.58031 ], [ -81.71695, 12.56322 ], [ -81.7198, 12.54316 ], [ -81.7115, 12.52294 ] ] } },
{ "type": "Feature", "properties": { "featurecla": "Coastline" }, "geometry": { "type": "LineString", "coordinates": [ [ -81.38264, 13.31916 ], [ -81.38614, 13.34146 ], [ -81.37873, 13.3627 ], [ -81.36535, 13.37397 ], [ -81.35139, 13.3662 ], [ -81.3463, 13.3487 ], [ -81.35216, 13.33417 ], [ -81.36535, 13.32388 ], [ -81.38264, 13.31916 ] ] } },
{ "type": "Feature", "properties": { "featurecla": "Coastline" }, "geometry": { "type": "LineString", "coordinates": [ [ -82.76732, 14.41413 ], [ -82.78478, 14.38198 ], [ -82.80085, 14.37324 ], [ -82.80163, 14.36685 ], [ -82.80826, 14.36636 ], [ -82.75084, 14.36148 ], [ -82.73253, 14.36957 ], [ -82.7257, 14.39741 ], [ -82.72899, 14.41376 ], [ -82.73778, 14.42194 ], [ -82.75105, 14.42202 ], [ -82.76732, 14.41413 ] ] } },
{ "type": "Feature", "properties": { "featurecla": "Coastline" }, "geometry": { "type": "LineString", "coordinates": [ [ -78.89224, 8.45805 ], [ -78.89371, 8.46927 ], [ -78.88993, 8.47414 ], [ -78.86913, 8.46166 ], [ -78.86278, 8.45368 ], [ -78.85538, 8.43134 ], [ -78.85468, 8.41329 ], [ -78.84223, 8.41106 ], [ -78.83551, 8.398 ], [ -78.83734, 8.38687 ], [ -78.84567, 8.38127 ], [ -78.84796, 8.36861 ], [ -78.83448, 8.34281 ], [ -78.85802, 8.29584 ], [ -78.87041, 8.29665 ], [ -78.87534, 8.30149 ], [ -78.8964, 8.29743 ], [ -78.90133, 8.30897 ], [ -78.92048, 8.28257 ], [ -78.92278, 8.26545 ], [ -78.91299, 8.25388 ], [ -78.91114, 8.23415 ], [ -78.89757, 8.2289 ], [ -78.90399, 8.21922 ], [ -78.92845, 8.23567 ], [ -78.92694, 8.24982 ], [ -78.94004, 8.28259 ], [ -78.96434, 8.29483 ], [ -78.9699, 8.3051 ], [ -78.96541, 8.32077 ], [ -78.95824, 8.32911 ], [ -78.95478, 8.34651 ], [ -78.96991, 8.36989 ], [ -78.96122, 8.39032 ], [ -78.96434, 8.41767 ], [ -78.97471, 8.44437 ], [ -78.97092, 8.45845 ], [ -78.95813, 8.45881 ], [ -78.9491, 8.45279 ], [ -78.90878, 8.47004 ], [ -78.89542, 8.45185 ], [ -78.89224, 8.45805 ] ] } },
{ "type": "Feature", "properties": { "featurecla": "Coastline" }, "geometry": { "type": "LineString", "coordinates": [ [ -81.61172, 3.95897 ], [ -81.61632, 3.96381 ], [ -81.61465, 3.96918 ], [ -81.60412, 3.97687 ], [ -81.60143, 3.98835 ], [ -81.58226, 3.99152 ], [ -81.58031, 3.97602 ], [ -81.61172, 3.95897 ] ] } },
{ "type": "Feature", "properties": { "featurecla": "Coastline" }, "geometry": { "type": "LineString", "coordinates": [ [ -66.74999, 11.77757 ], [ -66.80956, 11.75296 ], [ -66.83316, 11.74909 ], [ -66.8546, 11.75137 ], [ -66.85106, 11.74702 ], [ -66.82779, 11.74624 ], [ -66.77994, 11.75853 ], [ -66.72802, 11.78205 ], [ -66.73583, 11.78311 ], [ -66.74999, 11.77757 ] ] } },
{ "type": "Feature", "properties": { "featurecla": "Coastline" }, "geometry": { "type": "LineString", "coordinates": [ [ -66.73339, 11.86994 ], [ -66.81481, 11.87324 ], [ -66.81786, 11.87108 ], [ -66.75381, 11.86237 ], [ -66.71178, 11.86791 ], [ -66.73339, 11.86994 ] ] } },
{ "type": "Feature", "properties": { "featurecla": "Coastline" }, "geometry": { "type": "LineString", "coordinates": [ [ -67.65803, 11.98493 ], [ -67.66714, 11.99177 ], [ -67.67199, 11.99311 ], [ -67.67488, 11.98965 ], [ -67.66588, 11.982 ], [ -67.6376, 11.98005 ], [ -67.65803, 11.98493 ] ] } },
{ "type": "Feature", "properties": { "featurecla": "Coastline" }, "geometry": { "type": "LineString", "coordinates": [ [ -67.68041, 12.02505 ], [ -67.67907, 12.02814 ], [ -67.68155, 12.02578 ], [ -67.68041, 12.02505 ] ] } },
{ "type": "Feature", "properties": { "featurecla": "Coastline" }, "geometry": { "type": "LineString", "coordinates": [ [ -67.6776, 12.02782 ], [ -67.67667, 12.02692 ], [ -67.67724, 12.03002 ], [ -67.6776, 12.02782 ] ] } },
{ "type": "Feature", "properties": { "featurecla": "Coastline" }, "geometry": { "type": "LineString", "coordinates": [ [ -67.67724, 12.05024 ], [ -67.67699, 12.04633 ], [ -67.6761, 12.04442 ], [ -67.67467, 12.04841 ], [ -67.67724, 12.05024 ] ] } },
{ "type": "Feature", "properties": { "featurecla": "Coastline" }, "geometry": { "type": "LineString", "coordinates": [ [ -67.68139, 12.06371 ], [ -67.68444, 12.06346 ], [ -67.68102, 12.06184 ], [ -67.68139, 12.06371 ] ] } },
{ "type": "Feature", "properties": { "featurecla": "Coastline" }, "geometry": { "type": "LineString", "coordinates": [ [ -67.68733, 12.06558 ], [ -67.68708, 12.06753 ], [ -67.68883, 12.069 ], [ -67.68733, 12.06558 ] ] } },
{ "type": "Feature", "properties": { "featurecla": "Coastline" }, "geometry": { "type": "LineString", "coordinates": [ [ -80.84297, -6.38161 ], [ -80.85314, -6.37499 ], [ -80.86781, -6.42481 ], [ -80.87538, -6.43305 ], [ -80.86709, -6.44058 ], [ -80.86358, -6.45638 ], [ -80.86744, -6.46652 ], [ -80.86384, -6.47584 ], [ -80.83958, -6.47525 ], [ -80.84175, -6.42888 ], [ -80.85543, -6.40553 ], [ -80.84297, -6.38161 ] ] } },
{ "type": "Feature", "properties": { "featurecla": "Coastline" }, "geometry": { "type": "LineString", "coordinates": [ [ -79.81964, -2.48591 ], [ -79.84694, -2.53444 ], [ -79.8818, -2.62694 ], [ -79.87724, -2.64968 ], [ -79.85751, -2.65119 ], [ -79.83324, -2.63602 ], [ -79.8287, -2.59205 ], [ -79.79381, -2.57384 ], [ -79.77257, -2.54199 ], [ -79.78472, -2.52077 ], [ -79.80901, -2.51168 ], [ -79.81964, -2.48591 ] ] } },
{ "type": "Feature", "properties": { "featurecla": "Coastline" }, "geometry": { "type": "LineString", "coordinates": [ [ -78.18661, 2.99037 ], [ -78.17264, 3.0025 ], [ -78.16427, 3.0016 ], [ -78.16709, 2.9597 ], [ -78.19322, 2.93362 ], [ -78.20815, 2.92989 ], [ -78.22029, 2.93362 ], [ -78.22029, 2.94387 ], [ -78.20442, 2.94573 ], [ -78.19503, 2.98016 ], [ -78.18661, 2.99037 ] ] } },
{ "type": "Feature", "properties": { "featurecla": "Coastline" }, "geometry": { "type": "LineString", "coordinates": [ [ -83.89662, 8.70649 ], [ -83.89063, 8.70118 ], [ -83.87808, 8.69882 ], [ -83.87031, 8.70178 ], [ -83.86911, 8.71359 ], [ -83.88346, 8.71299 ], [ -83.89662, 8.70649 ] ] } },
{ "type": "Feature", "properties": { "featurecla": "Coastline" }, "geometry": { "type": "LineString", "coordinates": [ [ -79.57039, 8.79858 ], [ -79.56334, 8.80464 ], [ -79.55383, 8.80343 ], [ -79.55259, 8.79191 ], [ -79.54185, 8.78676 ], [ -79.54338, 8.77554 ], [ -79.54798, 8.77403 ], [ -79.55535, 8.78282 ], [ -79.56915, 8.78312 ], [ -79.57039, 8.79858 ] ] } },
{ "type": "Feature", "properties": { "featurecla": "Coastline" }, "geometry": { "type": "LineString", "coordinates": [ [ -81.56827, 9.10825 ], [ -81.54722, 9.10274 ], [ -81.53791, 9.09509 ], [ -81.53449, 9.08592 ], [ -81.57167, 9.0896 ], [ -81.57726, 9.10458 ], [ -81.56827, 9.10825 ] ] } },
{ "type": "Feature", "properties": { "featurecla": "Coastline" }, "geometry": { "type": "LineString", "coordinates": [ [ -82.04724, 9.17257 ], [ -82.05184, 9.18219 ], [ -82.03576, 9.16975 ], [ -82.02887, 9.16919 ], [ -82.02311, 9.15391 ], [ -82.00876, 9.14769 ], [ -82.01048, 9.14146 ], [ -82.02711, 9.13294 ], [ -82.05008, 9.14594 ], [ -82.05526, 9.15386 ], [ -82.05469, 9.1618 ], [ -82.04724, 9.17257 ] ] } },
{ "type": "Feature", "properties": { "featurecla": "Coastline" }, "geometry": { "type": "LineString", "coordinates": [ [ -75.5868, 10.36779 ], [ -75.57583, 10.37787 ], [ -75.53789, 10.36267 ], [ -75.53532, 10.35065 ], [ -75.54626, 10.33927 ], [ -75.5675, 10.34372 ], [ -75.57586, 10.33866 ], [ -75.58229, 10.31903 ], [ -75.59066, 10.31904 ], [ -75.59581, 10.34754 ], [ -75.5868, 10.36779 ] ] } },
{ "type": "Feature", "properties": { "featurecla": "Coastline" }, "geometry": { "type": "LineString", "coordinates": [ [ -64.16861, 10.82795 ], [ -64.20344, 10.8273 ], [ -64.21825, 10.82103 ], [ -64.22094, 10.80646 ], [ -64.20181, 10.79706 ], [ -64.17479, 10.79922 ], [ -64.15587, 10.81196 ], [ -64.15954, 10.8249 ], [ -64.16861, 10.82795 ] ] } },
{ "type": "Feature", "properties": { "featurecla": "Coastline" }, "geometry": { "type": "LineString", "coordinates": [ [ -80.08991, 13.57836 ], [ -80.09089, 13.57803 ], [ -80.0904, 13.57661 ], [ -80.08943, 13.57685 ], [ -80.08991, 13.57836 ] ] } },
{ "type": "Feature", "properties": { "featurecla": "Coastline" }, "geometry": { "type": "LineString", "coordinates": [ [ -79.13258, 8.95687 ], [ -79.13053, 8.95946 ], [ -79.12309, 8.95152 ], [ -79.12704, 8.94331 ], [ -79.13259, 8.94461 ], [ -79.12996, 8.94836 ], [ -79.13258, 8.95687 ] ] } }
]
}
